Aaron_Patterson_0001,Aaron_Patterson
Aaron_Peirsol_0001,Aaron_Peirsol
Abbas_Kiarostami_0001,Abbas_Kiarostami
Abdel_Aziz_Al-Hakim_0001,Abdel_Aziz_Al-Hakim
Abdul_Rahman_0001,Abdul_Rahman
Abdulaziz_Kamilov_0001,Abdulaziz_Kamilov
Abdullah_Gul_0001,Abdullah_Gul
Abdullah_Gul_0002,Abdullah_Gul
Abdullah_Gul_0011,Abdullah_Gul
Abdullah_Gul_0012,Abdullah_Gul
Abdullatif_Sener_0001,Abdullatif_Sener
Abdullatif_Sener_0002,Abdullatif_Sener
Abner_Martinez_0001,Abner_Martinez
Abraham_Foxman_0001,Abraham_Foxman
Adam_Sandler_0002,Adam_Sandler
Adam_Sandler_0003,Adam_Sandler
Adolfo_Aguilar_Zinser_0001,Adolfo_Aguilar_Zinser
Adolfo_Aguilar_Zinser_0002,Adolfo_Aguilar_Zinser
Adrian_Murrell_0001,Adrian_Murrell
Adrian_Nastase_0001,Adrian_Nastase
Adrien_Brody_0005,Adrien_Brody
Adrien_Brody_0006,Adrien_Brody
Agnelo_Queiroz_0001,Agnelo_Queiroz
Agnes_Bruckner_0001,Agnes_Bruckner
Ahmed_Chalabi_0005,Ahmed_Chalabi
Ahmed_Ghazi_0001,Ahmed_Ghazi
Ai_Sugiyama_0003,Ai_Sugiyama
Ai_Sugiyama_0004,Ai_Sugiyama
Aishwarya_Rai_0001,Aishwarya_Rai
Aitor_Gonzalez_0001,Aitor_Gonzalez
Akbar_Hashemi_Rafsanjani_0003,Akbar_Hashemi_Rafsanjani
Akhmed_Zakayev_0001,Akhmed_Zakayev
Al_Gore_0002,Al_Gore
Al_Gore_0003,Al_Gore
Al_Pacino_0003,Al_Pacino
Al_Sharpton_0001,Al_Sharpton
Alan_Ball_0001,Alan_Ball
Alan_Ball_0002,Alan_Ball
Alan_Jackson_0001,Alan_Jackson
Alan_Mulally_0001,Alan_Mulally
Alastair_Campbell_0002,Alastair_Campbell
Alastair_Campbell_0003,Alastair_Campbell
Albert_Costa_0004,Albert_Costa
Albert_Costa_0005,Albert_Costa
Alberto_Ruiz_Gallardon_0001,Alberto_Ruiz_Gallardon
Alberto_Ruiz_Gallardon_0002,Alberto_Ruiz_Gallardon
Alec_Baldwin_0004,Alec_Baldwin
Alecos_Markides_0001,Alecos_Markides
Alejandro_Lerner_0001,Alejandro_Lerner
Alejandro_Lopez_0001,Alejandro_Lopez
Alejandro_Toledo_0009,Alejandro_Toledo
Alejandro_Toledo_0010,Alejandro_Toledo
Alejandro_Toledo_0019,Alejandro_Toledo
Alejandro_Toledo_0020,Alejandro_Toledo
Alejandro_Toledo_0029,Alejandro_Toledo
Alejandro_Toledo_0030,Alejandro_Toledo
Alejandro_Toledo_0039,Alejandro_Toledo
Alek_Wek_0001,Alek_Wek
Alex_Barros_0002,Alex_Barros
Alex_Cabrera_0001,Alex_Cabrera
Alex_Popov_0001,Alex_Popov
Alex_Sink_0001,Alex_Sink
Alexander_Downer_0003,Alexander_Downer
Alexander_Downer_0004,Alexander_Downer
Alexandra_Jackson_0001,Alexandra_Jackson
Alexandra_Pelosi_0001,Alexandra_Pelosi
Alexandre_Despatie_0001,Alexandre_Despatie
Alexandre_Herchcovitch_0001,Alexandre_Herchcovitch
Alfredo_di_Stefano_0001,Alfredo_di_Stefano
Alfredo_Moreno_0001,Alfredo_Moreno
Ali_Hammoud_0001,Ali_Hammoud
Ali_Khamenei_0001,Ali_Khamenei
Ali_Naimi_0006,Ali_Naimi
Ali_Naimi_0007,Ali_Naimi
Alicia_Witt_0001,Alicia_Witt
Alimzhan_Tokhtakhounov_0001,Alimzhan_Tokhtakhounov
Allan_Houston_0001,Allan_Houston
Allan_Kemakeza_0001,Allan_Kemakeza
Allyson_Felix_0001,Allyson_Felix
Allyson_Felix_0002,Allyson_Felix
Alvaro_Noboa_0003,Alvaro_Noboa
Alvaro_Silva_Calderon_0001,Alvaro_Silva_Calderon
Alvaro_Uribe_0006,Alvaro_Uribe
Alvaro_Uribe_0007,Alvaro_Uribe
Alvaro_Uribe_0016,Alvaro_Uribe
Alvaro_Uribe_0017,Alvaro_Uribe
Alvaro_Uribe_0026,Alvaro_Uribe
Alvaro_Uribe_0027,Alvaro_Uribe
Aly_Wagner_0001,Aly_Wagner
Alyse_Beaupre_0001,Alyse_Beaupre
Amanda_Coetzer_0002,Amanda_Coetzer
Amanda_Marsh_0001,Amanda_Marsh
Amelia_Vega_0004,Amelia_Vega
Amelia_Vega_0005,Amelia_Vega
Amelie_Mauresmo_0007,Amelie_Mauresmo
Amelie_Mauresmo_0008,Amelie_Mauresmo
Amelie_Mauresmo_0017,Amelie_Mauresmo
Amelie_Mauresmo_0018,Amelie_Mauresmo
Amr_Moussa_0001,Amr_Moussa
Amram_Mitzna_0001,Amram_Mitzna
Ana_Claudia_Talancon_0001,Ana_Claudia_Talancon
Ana_Guevara_0001,Ana_Guevara
Ana_Palacio_0002,Ana_Palacio
Ana_Palacio_0003,Ana_Palacio
Anastasia_Myskina_0001,Anastasia_Myskina
Anastasia_Myskina_0002,Anastasia_Myskina
Anders_Fogh_Rasmussen_0004,Anders_Fogh_Rasmussen
Anderson_Varejao_0001,Anderson_Varejao
Andre_Agassi_0009,Andre_Agassi
Andre_Agassi_0010,Andre_Agassi
Andre_Agassi_0019,Andre_Agassi
Andre_Agassi_0020,Andre_Agassi
Andre_Agassi_0029,Andre_Agassi
Andre_Agassi_0030,Andre_Agassi
Andre_Smith_0001,Andre_Smith
Andre_Techine_0001,Andre_Techine
Andrei_Nikolishin_0001,Andrei_Nikolishin
Andres_DAlessandro_0001,Andres_DAlessandro
Andrew_Fastow_0001,Andrew_Fastow
Andrew_Firestone_0001,Andrew_Firestone
Andrew_Weissmann_0002,Andrew_Weissmann
Andrew_Weissmann_0003,Andrew_Weissmann
Andy_Griggs_0001,Andy_Griggs
Andy_Hebb_0001,Andy_Hebb
Andy_Roddick_0004,Andy_Roddick
Andy_Roddick_0005,Andy_Roddick
Andy_Roddick_0014,Andy_Roddick
Andy_Roddick_0015,Andy_Roddick
Angela_Bassett_0001,Angela_Bassett
Angela_Bassett_0002,Angela_Bassett
Angela_Merkel_0002,Angela_Merkel
Angela_Merkel_0003,Angela_Merkel
Angelina_Jolie_0006,Angelina_Jolie
Angelina_Jolie_0007,Angelina_Jolie
Angelina_Jolie_0016,Angelina_Jolie
Angelina_Jolie_0017,Angelina_Jolie
Angie_Arzola_0001,Angie_Arzola
Angie_Martinez_0001,Angie_Martinez
Ann_Landers_0001,Ann_Landers
Ann_Morgan_0001,Ann_Morgan
Ann_Veneman_0009,Ann_Veneman
Ann_Veneman_0010,Ann_Veneman
Anna_Kournikova_0005,Anna_Kournikova
Anna_Kournikova_0006,Anna_Kournikova
Anne_Cavers_0001,Anne_Cavers
Anne_Donovan_0001,Anne_Donovan
Anneli_Jaatteenmaki_0001,Anneli_Jaatteenmaki
Anneli_Jaatteenmaki_0002,Anneli_Jaatteenmaki
Annika_Sorenstam_0001,Annika_Sorenstam
Antanas_Valionis_0001,Antanas_Valionis
Anthony_Hopkins_0002,Anthony_Hopkins
Anthony_LaPaglia_0001,Anthony_LaPaglia
Antje_Buschschulte_0001,Antje_Buschschulte
Anton_Balasingham_0001,Anton_Balasingham
Antonio_Elias_Saca_0001,Antonio_Elias_Saca
Antonio_Palocci_0001,Antonio_Palocci
Antonio_Trillanes_0002,Antonio_Trillanes
Antonio_Trillanes_0003,Antonio_Trillanes
Aparna_Pillai_0001,Aparna_Pillai
Aram_Adler_0001,Aram_Adler
Ari_Fleischer_0005,Ari_Fleischer
Ari_Fleischer_0006,Ari_Fleischer
Arianna_Huffington_0002,Arianna_Huffington
Arianna_Huffington_0003,Arianna_Huffington
Ariel_Sharon_0007,Ariel_Sharon
Ariel_Sharon_0008,Ariel_Sharon
Ariel_Sharon_0017,Ariel_Sharon
Ariel_Sharon_0018,Ariel_Sharon
Ariel_Sharon_0027,Ariel_Sharon
Ariel_Sharon_0028,Ariel_Sharon
Ariel_Sharon_0037,Ariel_Sharon
Ariel_Sharon_0038,Ariel_Sharon
Ariel_Sharon_0047,Ariel_Sharon
Ariel_Sharon_0048,Ariel_Sharon
Ariel_Sharon_0057,Ariel_Sharon
Ariel_Sharon_0058,Ariel_Sharon
Ariel_Sharon_0067,Ariel_Sharon
Ariel_Sharon_0068,Ariel_Sharon
Ariel_Sharon_0077,Ariel_Sharon
Arif_Mardin_0001,Arif_Mardin
Arminio_Fraga_0002,Arminio_Fraga
Arminio_Fraga_0003,Arminio_Fraga
Arnold_Palmer_0002,Arnold_Palmer
Arnold_Palmer_0003,Arnold_Palmer
Arnold_Schwarzenegger_0009,Arnold_Schwarzenegger
Arnold_Schwarzenegger_0010,Arnold_Schwarzenegger
Arnold_Schwarzenegger_0019,Arnold_Schwarzenegger
Arnold_Schwarzenegger_0020,Arnold_Schwarzenegger
Arnold_Schwarzenegger_0029,Arnold_Schwarzenegger
Arnold_Schwarzenegger_0030,Arnold_Schwarzenegger
Arnold_Schwarzenegger_0039,Arnold_Schwarzenegger
Arnold_Schwarzenegger_0040,Arnold_Schwarzenegger
Aron_Ralston_0001,Aron_Ralston
Aron_Ralston_0002,Aron_Ralston
Art_Howe_0004,Art_Howe
Art_Lopez_0001,Art_Lopez
Asa_Hutchinson_0001,Asa_Hutchinson
Asa_Hutchinson_0002,Asa_Hutchinson
Ashley_Olsen_0001,Ashley_Olsen
Ashley_Postell_0001,Ashley_Postell
Asmaa_Assad_0001,Asmaa_Assad
Assad_Ahmadi_0001,Assad_Ahmadi
Atal_Bihari_Vajpayee_0006,Atal_Bihari_Vajpayee
Atal_Bihari_Vajpayee_0007,Atal_Bihari_Vajpayee
Atal_Bihari_Vajpayee_0016,Atal_Bihari_Vajpayee
Atal_Bihari_Vajpayee_0017,Atal_Bihari_Vajpayee
Atiabet_Ijan_Amabel_0001,Atiabet_Ijan_Amabel
Atom_Egoyan_0001,Atom_Egoyan
Augusto_Pinochet_0002,Augusto_Pinochet
Augusto_Roa_Bastos_0001,Augusto_Roa_Bastos
Azra_Akin_0003,Azra_Akin
Azra_Akin_0004,Azra_Akin
Barbara_Brezigar_0002,Barbara_Brezigar
Barbara_De_Brun_0001,Barbara_De_Brun
Barbra_Streisand_0001,Barbra_Streisand
Barbra_Streisand_0002,Barbra_Streisand
Barry_Ford_0001,Barry_Ford
Barry_Hinson_0001,Barry_Hinson
Barzan_al-Tikriti_0001,Barzan_al-Tikriti
Basdeo_Panday_0001,Basdeo_Panday
Beecher_Ray_Kirby_0001,Beecher_Ray_Kirby
Begum_Khaleda_Zia_0001,Begum_Khaleda_Zia
Ben_Affleck_0007,Ben_Affleck
Ben_Betts_0001,Ben_Betts
Ben_Davis_0001,Ben_Davis
Ben_Glisan_0001,Ben_Glisan
Ben_Wallace_0001,Ben_Wallace
Benazir_Bhutto_0001,Benazir_Bhutto
Benjamin_Franklin_0001,Benjamin_Franklin
Benjamin_Martinez_0001,Benjamin_Martinez
Bernard_Ebbers_0001,Bernard_Ebbers
Bernard_Giraudeau_0001,Bernard_Giraudeau
Bernard_Law_0004,Bernard_Law
Bernard_Law_0005,Bernard_Law
Bertie_Ahern_0003,Bertie_Ahern
Bertie_Ahern_0004,Bertie_Ahern
Betsy_Smith_0001,Betsy_Smith
Betsy_Smith_0002,Betsy_Smith
Bijan_Namdar_Zangeneh_0001,Bijan_Namdar_Zangeneh
Bijan_Namdar_Zangeneh_0002,Bijan_Namdar_Zangeneh
Bill_Byrne_0001,Bill_Byrne
Bill_Callahan_0001,Bill_Callahan
Bill_Clinton_0004,Bill_Clinton
Bill_Clinton_0005,Bill_Clinton
Bill_Clinton_0014,Bill_Clinton
Bill_Clinton_0015,Bill_Clinton
Bill_Clinton_0024,Bill_Clinton
Bill_Clinton_0025,Bill_Clinton
Bill_Fennelly_0001,Bill_Fennelly
Bill_Frist_0001,Bill_Frist
Bill_Gates_0001,Bill_Gates
Bill_Gates_0002,Bill_Gates
Bill_Gates_0011,Bill_Gates
Bill_Gates_0012,Bill_Gates
Bill_Graham_0004,Bill_Graham
Bill_Graham_0005,Bill_Graham
Bill_Kollar_0001,Bill_Kollar
Bill_Kong_0001,Bill_Kong
Bill_McBride_0006,Bill_McBride
Bill_McBride_0007,Bill_McBride
Bill_Parsons_0001,Bill_Parsons
Bill_Paxton_0001,Bill_Paxton
Bill_Simon_0001,Bill_Simon
Bill_Simon_0002,Bill_Simon
Bill_Simon_0011,Bill_Simon
Bill_Simon_0012,Bill_Simon
Billy_Andrade_0001,Billy_Andrade
Billy_Beane_0001,Billy_Beane
Billy_Crystal_0006,Billy_Crystal
Billy_Donovan_0001,Billy_Donovan
Billy_Tibbets_0001,Billy_Tibbets
Bing_Crosby_0001,Bing_Crosby
Bixente_LIzarazu_0001,Bixente_LIzarazu
BJ_Habibie_0001,BJ_Habibie
Bo_Ryan_0002,Bo_Ryan
Bob_Alper_0001,Bob_Alper
Bob_Dole_0001,Bob_Dole
Bob_Dole_0002,Bob_Dole
Bob_Graham_0003,Bob_Graham
Bob_Graham_0004,Bob_Graham
Bob_Hope_0002,Bob_Hope
Bob_Hope_0003,Bob_Hope
Bob_Huggins_0004,Bob_Huggins
Bob_Iger_0001,Bob_Iger
Bob_Stoops_0003,Bob_Stoops
Bob_Stoops_0004,Bob_Stoops
Bobby_Goldwater_0002,Bobby_Goldwater
Bobby_Jackson_0001,Bobby_Jackson
Bono_0001,Bono
Bono_0002,Bono
Boris_Berezovsky_0002,Boris_Berezovsky
Boris_Henry_0001,Boris_Henry
Brad_Garrett_0001,Brad_Garrett
Brad_Garrett_0002,Brad_Garrett
Brad_Miller_0001,Brad_Miller
Brad_Pitt_0001,Brad_Pitt
Brandon_Inge_0001,Brandon_Inge
Brandon_Jones_0001,Brandon_Jones
Branko_Crvenkovski_0003,Branko_Crvenkovski
Brawley_King_0001,Brawley_King
Brennon_Leighton_0001,Brennon_Leighton
Brent_Coles_0001,Brent_Coles
Brian_Cook_0001,Brian_Cook
Brian_Cowen_0001,Brian_Cowen
Brian_Heidik_0002,Brian_Heidik
Brian_Henson_0001,Brian_Henson
Brian_Pavlich_0001,Brian_Pavlich
Brian_Scalabrine_0001,Brian_Scalabrine
Bridget_Fonda_0002,Bridget_Fonda
Bridget_Fonda_0003,Bridget_Fonda
Britney_Spears_0004,Britney_Spears
Britney_Spears_0005,Britney_Spears
Britney_Spears_0014,Britney_Spears
Brittany_Snow_0001,Brittany_Snow
Bruce_Gebhardt_0001,Bruce_Gebhardt
Bruce_Lunsford_0001,Bruce_Lunsford
Bruce_Weber_0002,Bruce_Weber
Bruce_Willis_0001,Bruce_Willis
Bryce_Carmine_0001,Bryce_Carmine
Buck_Rodgers_0001,Buck_Rodgers
Bulent_Ecevit_0002,Bulent_Ecevit
Bulent_Ecevit_0003,Bulent_Ecevit
Byron_Scott_0002,Byron_Scott
Cabas_0001,Cabas
Calvin_Harrison_0001,Calvin_Harrison
Calvin_Joseph_Coleman_0001,Calvin_Joseph_Coleman
Camille_Colvin_0001,Camille_Colvin
Camille_Lewis_0001,Camille_Lewis
Candie_Kung_0003,Candie_Kung
Candie_Kung_0004,Candie_Kung
Carla_Del_Ponte_0001,Carla_Del_Ponte
Carla_Del_Ponte_0002,Carla_Del_Ponte
Carla_Sullivan_0001,Carla_Sullivan
Carla_Tricoli_0001,Carla_Tricoli
Carlos_Barragan_0001,Carlos_Barragan
Carlos_Beltran_0001,Carlos_Beltran
Carlos_Lordkipanitse_0001,Carlos_Lordkipanitse
Carlos_Manuel_Pruneda_0001,Carlos_Manuel_Pruneda
Carlos_Menem_0007,Carlos_Menem
Carlos_Menem_0008,Carlos_Menem
Carlos_Menem_0017,Carlos_Menem
Carlos_Menem_0018,Carlos_Menem
Carlos_Moya_0004,Carlos_Moya
Carlos_Moya_0005,Carlos_Moya
Carlos_Moya_0014,Carlos_Moya
Carlos_Moya_0015,Carlos_Moya
Carlos_Queiroz_0001,Carlos_Queiroz
Carlos_Quintanilla_Schmidt_0001,Carlos_Quintanilla_Schmidt
Carlos_Vives_0002,Carlos_Vives
Carlos_Vives_0003,Carlos_Vives
Carmen_Electra_0002,Carmen_Electra
Carmen_Electra_0003,Carmen_Electra
Carol_Niedermayer_0001,Carol_Niedermayer
Carol_Williams_0001,Carol_Williams
Caroline_Kennedy_0002,Caroline_Kennedy
Caroline_Kennedy_0003,Caroline_Kennedy
Carrie-Anne_Moss_0004,Carrie-Anne_Moss
Carrie-Anne_Moss_0005,Carrie-Anne_Moss
Casey_Mears_0001,Casey_Mears
Cass_Ballenger_0001,Cass_Ballenger
Catherine_Deneuve_0002,Catherine_Deneuve
Catherine_Deneuve_0003,Catherine_Deneuve
Catherine_Zeta-Jones_0004,Catherine_Zeta-Jones
Catherine_Zeta-Jones_0005,Catherine_Zeta-Jones
Cathy_Cunningham_0001,Cathy_Cunningham
Cathy_Freeman_0001,Cathy_Freeman
Cedric_Benson_0001,Cedric_Benson
Celia_Cruz_0001,Celia_Cruz
Celso_Amorim_0001,Celso_Amorim
Celso_Amorim_0002,Celso_Amorim
Cesar_Gaviria_0007,Cesar_Gaviria
Cesar_Gaviria_0008,Cesar_Gaviria
Chan_Gailey_0002,Chan_Gailey
Chan_Gailey_0003,Chan_Gailey
Chang_Dae-whan_0001,Chang_Dae-whan
Chang_Dae-whan_0002,Chang_Dae-whan
Charles_Bronson_0001,Charles_Bronson
Charles_Bronson_0002,Charles_Bronson
Charles_Kartman_0002,Charles_Kartman
Charles_Lebois_0001,Charles_Lebois
Charles_Moose_0007,Charles_Moose
Charles_Moose_0008,Charles_Moose
Charles_Rogers_0001,Charles_Rogers
Charles_Schumer_0001,Charles_Schumer
Charles_Taylor_0007,Charles_Taylor
Charles_Taylor_0008,Charles_Taylor
Charlie_Zaa_0001,Charlie_Zaa
Charlie_Zaa_0002,Charlie_Zaa
Charlton_Heston_0003,Charlton_Heston
Charlton_Heston_0004,Charlton_Heston
Chen_Liang_Yu_0002,Chen_Liang_Yu
Chen_Shui-bian_0001,Chen_Shui-bian
Cherie_Blair_0004,Cherie_Blair
Cherry_Jones_0001,Cherry_Jones
Chick_Hearn_0003,Chick_Hearn
Chin-Feng_Chen_0001,Chin-Feng_Chen
Cho_Myung-kyun_0001,Cho_Myung-kyun
Choi_Sung-hong_0001,Choi_Sung-hong
Chris_Bell_0001,Chris_Bell
Chris_Bell_0002,Chris_Bell
Chris_Cornell_0001,Chris_Cornell
Chris_Crocker_0001,Chris_Crocker
Chris_Neil_0001,Chris_Neil
Chris_Noth_0001,Chris_Noth
Chris_Thomas_0001,Chris_Thomas
Chris_Tucker_0001,Chris_Tucker
Christian_Longo_0001,Christian_Longo
Christian_Longo_0002,Christian_Longo
Christina_Aguilera_0001,Christina_Aguilera
Christina_Aguilera_0002,Christina_Aguilera
Christine_Baumgartner_0005,Christine_Baumgartner
Christine_Ebersole_0001,Christine_Ebersole
Christine_Todd_Whitman_0003,Christine_Todd_Whitman
Christine_Todd_Whitman_0004,Christine_Todd_Whitman
Christopher_Reeve_0001,Christopher_Reeve
Christopher_Reeve_0002,Christopher_Reeve
Christopher_Whittle_0001,Christopher_Whittle
Christy_Ferer_0001,Christy_Ferer
Chuck_Woolery_0001,Chuck_Woolery
Chuck_Yeager_0001,Chuck_Yeager
Cindy_Crawford_0002,Cindy_Crawford
Cindy_Crawford_0003,Cindy_Crawford
Ciro_Gomes_0003,Ciro_Gomes
Ciro_Gomes_0004,Ciro_Gomes
Claire_Leger_0002,Claire_Leger
Claire_Tomalin_0001,Claire_Tomalin
Clare_Short_0003,Clare_Short
Clare_Short_0004,Clare_Short
Claudia_Pechstein_0004,Claudia_Pechstein
Claudia_Pechstein_0005,Claudia_Pechstein
Clay_Aiken_0002,Clay_Aiken
Clay_Aiken_0003,Clay_Aiken
Clint_Eastwood_0001,Clint_Eastwood
Clint_Eastwood_0002,Clint_Eastwood
Coco_dEste_0001,Coco_dEste
Cole_Chapman_0001,Cole_Chapman
Colin_Farrell_0006,Colin_Farrell
Colin_Farrell_0007,Colin_Farrell
Colin_Montgomerie_0005,Colin_Montgomerie
Colin_Phillips_0001,Colin_Phillips
Colin_Powell_0009,Colin_Powell
Colin_Powell_0010,Colin_Powell
Colin_Powell_0019,Colin_Powell
Colin_Powell_0020,Colin_Powell
Colin_Powell_0029,Colin_Powell
Colin_Powell_0030,Colin_Powell
Colin_Powell_0039,Colin_Powell
Colin_Powell_0040,Colin_Powell
Colin_Powell_0049,Colin_Powell
Colin_Powell_0050,Colin_Powell
Colin_Powell_0059,Colin_Powell
Colin_Powell_0060,Colin_Powell
Colin_Powell_0069,Colin_Powell
Colin_Powell_0070,Colin_Powell
Colin_Powell_0079,Colin_Powell
Colin_Powell_0080,Colin_Powell
Colin_Powell_0089,Colin_Powell
Colin_Powell_0090,Colin_Powell
Colin_Powell_0099,Colin_Powell
Colin_Powell_0100,Colin_Powell
Colin_Powell_0109,Colin_Powell
Colin_Powell_0110,Colin_Powell
Colin_Powell_0119,Colin_Powell
Colin_Powell_0120,Colin_Powell
Colin_Powell_0129,Colin_Powell
Colin_Powell_0130,Colin_Powell
Colin_Powell_0139,Colin_Powell
Colin_Powell_0140,Colin_Powell
Colin_Powell_0149,Colin_Powell
Colin_Powell_0150,Colin_Powell
Colin_Powell_0159,Colin_Powell
Colin_Powell_0160,Colin_Powell
Colin_Powell_0169,Colin_Powell
Colin_Powell_0170,Colin_Powell
Colin_Powell_0179,Colin_Powell
Colin_Powell_0180,Colin_Powell
Colin_Powell_0189,Colin_Powell
Colin_Powell_0190,Colin_Powell
Colin_Powell_0199,Colin_Powell
Colin_Powell_0200,Colin_Powell
Colin_Powell_0209,Colin_Powell
Colin_Powell_0210,Colin_Powell
Colin_Powell_0219,Colin_Powell
Colin_Powell_0220,Colin_Powell
Colin_Powell_0229,Colin_Powell
Colin_Powell_0230,Colin_Powell
Colleen_Donovan_0001,Colleen_Donovan
Colleen_Jones_0001,Colleen_Jones
Conan_OBrien_0004,Conan_OBrien
Conchita_Martinez_0001,Conchita_Martinez
Condoleezza_Rice_0007,Condoleezza_Rice
Condoleezza_Rice_0008,Condoleezza_Rice
Constance_Marie_0003,Constance_Marie
Cora_Cambell_0001,Cora_Cambell
Corliss_Williamson_0001,Corliss_Williamson
Cosmo_Iacavazzi_0001,Cosmo_Iacavazzi
Courtney_Love_0002,Courtney_Love
Craig_Burley_0001,Craig_Burley
Crispin_Glover_0001,Crispin_Glover
Cristian_Barros_0001,Cristian_Barros
Cruz_Bustamante_0002,Cruz_Bustamante
Cruz_Bustamante_0003,Cruz_Bustamante
Cyndi_Thompson_0002,Cyndi_Thompson
Cynthia_Nixon_0001,Cynthia_Nixon
Daisy_Fuentes_0004,Daisy_Fuentes
Daja_Bedanova_0001,Daja_Bedanova
Dalia_Rabin-Pelosoff_0001,Dalia_Rabin-Pelosoff
Damarius_Bilbo_0001,Damarius_Bilbo
Dan_Dickau_0001,Dan_Dickau
Dan_Duquette_0001,Dan_Duquette
Dan_Quayle_0001,Dan_Quayle
Dan_Reeves_0001,Dan_Reeves
Daniel_Coats_0001,Daniel_Coats
Daniel_Comisso_Urdaneta_0001,Daniel_Comisso_Urdaneta
Daniel_Osorno_0001,Daniel_Osorno
Daniel_Patrick_Moynihan_0001,Daniel_Patrick_Moynihan
Daniela_Cicarelli_0001,Daniela_Cicarelli
Daniela_Hantuchova_0001,Daniela_Hantuchova
Danny_Avalon_0001,Danny_Avalon
Danny_Elfman_0001,Danny_Elfman
Dariusz_Michalczewski_0001,Dariusz_Michalczewski
Darko_Milicic_0001,Darko_Milicic
Darren_Campel_0001,Darren_Campel
Darren_Clarke_0001,Darren_Clarke
Daryl_Sabara_0001,Daryl_Sabara
Daryl_Smith_0001,Daryl_Smith
Dave_McNally_0001,Dave_McNally
Dave_McNealey_0001,Dave_McNealey
David_Alpay_0001,David_Alpay
David_Anderson_0001,David_Anderson
David_Beckham_0003,David_Beckham
David_Beckham_0004,David_Beckham
David_Beckham_0013,David_Beckham
David_Beckham_0014,David_Beckham
David_Beckham_0023,David_Beckham
David_Beckham_0024,David_Beckham
David_Bell_0002,David_Bell
David_Bisbal_0001,David_Bisbal
David_Caraway_0002,David_Caraway
David_Carradine_0001,David_Carradine
David_Dewhurst_0001,David_Dewhurst
David_Dodge_0001,David_Dodge
David_Hannay_0001,David_Hannay
David_Hanson_0001,David_Hanson
David_Hilt_0001,David_Hilt
David_Ho_0001,David_Ho
David_Leahy_0001,David_Leahy
David_Leahy_0002,David_Leahy
David_Nalbandian_0001,David_Nalbandian
David_Nalbandian_0002,David_Nalbandian
David_Nalbandian_0011,David_Nalbandian
David_Nalbandian_0012,David_Nalbandian
David_Shayler_0001,David_Shayler
David_Sibleyk_0001,David_Sibleyk
David_Suazo_0001,David_Suazo
David_Surrett_0001,David_Surrett
David_Wells_0002,David_Wells
David_Wells_0003,David_Wells
Davis_Love_III_0001,Davis_Love_III
Dawn_Staley_0001,Dawn_Staley
Deb_Santos_0001,Deb_Santos
Debbie_Allen_0001,Debbie_Allen
Debra_Messing_0003,Debra_Messing
Debra_Rose_0001,Debra_Rose
Demetrius_Ferraciu_0001,Demetrius_Ferraciu
Demetrius_Ferraciu_0002,Demetrius_Ferraciu
Denise_Locke_0001,Denise_Locke
Denise_van_Outen_0001,Denise_van_Outen
Dennis_Hastert_0004,Dennis_Hastert
Dennis_Hastert_0005,Dennis_Hastert
Dennis_Kucinich_0005,Dennis_Kucinich
Dennis_Kucinich_0006,Dennis_Kucinich
Denzel_Washington_0003,Denzel_Washington
Denzel_Washington_0004,Denzel_Washington
Derek_King_0001,Derek_King
Derek_Lowe_0001,Derek_Lowe
Desiree_Lemosi_0002,Desiree_Lemosi
Desiree_McKenzie_0001,Desiree_McKenzie
Diana_Krall_0004,Diana_Krall
Diana_Krall_0005,Diana_Krall
Diana_Taurasi_0002,Diana_Taurasi
Diana_Taylor_0001,Diana_Taylor
Dick_Armey_0001,Dick_Armey
Dick_Bennett_0001,Dick_Bennett
Dick_Cheney_0009,Dick_Cheney
Dick_Cheney_0010,Dick_Cheney
Dick_Jauron_0001,Dick_Jauron
Dick_Latessa_0001,Dick_Latessa
Diego_Diego_Lerman_0001,Diego_Diego_Lerman
Dieter_Holzer_0001,Dieter_Holzer
Dinora_Rosales_0001,Dinora_Rosales
Dion_Glover_0001,Dion_Glover
Dolly_Parton_0002,Dolly_Parton
Dolma_Tsering_0001,Dolma_Tsering
Dominique_de_Villepin_0003,Dominique_de_Villepin
Dominique_de_Villepin_0004,Dominique_de_Villepin
Dominique_de_Villepin_0013,Dominique_de_Villepin
Dominique_de_Villepin_0014,Dominique_de_Villepin
Don_Lake_0001,Don_Lake
Don_Matthews_0001,Don_Matthews
Donald_Carty_0001,Donald_Carty
Donald_Evans_0001,Donald_Evans
Donald_Pettit_0001,Donald_Pettit
Donald_Pettit_0002,Donald_Pettit
Donald_Rumsfeld_0007,Donald_Rumsfeld
Donald_Rumsfeld_0008,Donald_Rumsfeld
Donald_Rumsfeld_0017,Donald_Rumsfeld
Donald_Rumsfeld_0018,Donald_Rumsfeld
Donald_Rumsfeld_0027,Donald_Rumsfeld
Donald_Rumsfeld_0028,Donald_Rumsfeld
Donald_Rumsfeld_0037,Donald_Rumsfeld
Donald_Rumsfeld_0038,Donald_Rumsfeld
Donald_Rumsfeld_0047,Donald_Rumsfeld
Donald_Rumsfeld_0048,Donald_Rumsfeld
Donald_Rumsfeld_0057,Donald_Rumsfeld
Donald_Rumsfeld_0058,Donald_Rumsfeld
Donald_Rumsfeld_0067,Donald_Rumsfeld
Donald_Rumsfeld_0068,Donald_Rumsfeld
Donald_Rumsfeld_0077,Donald_Rumsfeld
Donald_Rumsfeld_0078,Donald_Rumsfeld
Donald_Rumsfeld_0087,Donald_Rumsfeld
Donald_Rumsfeld_0088,Donald_Rumsfeld
Donald_Rumsfeld_0097,Donald_Rumsfeld
Donald_Rumsfeld_0098,Donald_Rumsfeld
Donald_Rumsfeld_0107,Donald_Rumsfeld
Donald_Rumsfeld_0108,Donald_Rumsfeld
Donald_Rumsfeld_0117,Donald_Rumsfeld
Donald_Rumsfeld_0118,Donald_Rumsfeld
Donna_Brazile_0001,Donna_Brazile
Donna_Morrissey_0001,Donna_Morrissey
Doris_Roberts_0002,Doris_Roberts
Doris_Roberts_0003,Doris_Roberts
Dorthy_Moxley_0002,Dorthy_Moxley
Dot_Helms_0001,Dot_Helms
Doug_Moe_0001,Doug_Moe
Doug_Racine_0001,Doug_Racine
Drew_Bledsoe_0001,Drew_Bledsoe
Drew_Gooden_0001,Drew_Gooden
Dustan_Mohr_0001,Dustan_Mohr
Dustin_Brown_0001,Dustin_Brown
Dyana_Calub_0001,Dyana_Calub
E_Clay_Shaw_0001,E_Clay_Shaw
Ed_Rosenthal_0001,Ed_Rosenthal
Ed_Rosenthal_0002,Ed_Rosenthal
Eddie_Jordan_0001,Eddie_Jordan
Eddie_Lewis_0001,Eddie_Lewis
Edie_Falco_0001,Edie_Falco
Edie_Falco_0002,Edie_Falco
Edmund_Stoiber_0004,Edmund_Stoiber
Edmund_Stoiber_0005,Edmund_Stoiber
Edouard_Michelin_0001,Edouard_Michelin
Eduard_Limonov_0001,Eduard_Limonov
Eduardo_Duhalde_0003,Eduardo_Duhalde
Eduardo_Duhalde_0004,Eduardo_Duhalde
Eduardo_Duhalde_0013,Eduardo_Duhalde
Eduardo_Duhalde_0014,Eduardo_Duhalde
Edward_Greenspan_0001,Edward_Greenspan
Edward_James_Olmos_0001,Edward_James_Olmos
Edward_Lu_0003,Edward_Lu
Edward_Lu_0004,Edward_Lu
Edwin_Edwards_0002,Edwin_Edwards
Edwin_Edwards_0003,Edwin_Edwards
Eileen_Coparropa_0003,Eileen_Coparropa
Eileen_Spina_0001,Eileen_Spina
Elena_Bovina_0001,Elena_Bovina
Elena_Bovina_0002,Elena_Bovina
Eli_Stutsman_0001,Eli_Stutsman
Eliane_Karp_0001,Eliane_Karp
Elin_Nordegren_0001,Elin_Nordegren
Elin_Nordegren_0002,Elin_Nordegren
Eliza_Manningham-Buller_0001,Eliza_Manningham-Buller
Elizabeth_Berkeley_0001,Elizabeth_Berkeley
Elizabeth_Hurley_0004,Elizabeth_Hurley
Elizabeth_Hurley_0005,Elizabeth_Hurley
Elizabeth_Smart_0005,Elizabeth_Smart
Elizabeth_Taylor_0001,Elizabeth_Taylor
Ellen_Pompeo_0001,Ellen_Pompeo
Ellen_Saracini_0001,Ellen_Saracini
Elsa_Zylberstein_0005,Elsa_Zylberstein
Elsa_Zylberstein_0006,Elsa_Zylberstein
Elvis_Costello_0001,Elvis_Costello
Elvis_Presley_0001,Elvis_Presley
Emile_Lahoud_0001,Emile_Lahoud
Emile_Lahoud_0002,Emile_Lahoud
Emma_Nicholson_0001,Emma_Nicholson
Emma_Thompson_0001,Emma_Thompson
Emmanuel_Milingo_0001,Emmanuel_Milingo
Emmanuelle_Beart_0001,Emmanuelle_Beart
Enos_Slaughter_0001,Enos_Slaughter
Enrica_Fico_0001,Enrica_Fico
Enrique_Medina_Gomez_0001,Enrique_Medina_Gomez
Enrique_Oliu_0001,Enrique_Oliu
Eric_Hinske_0001,Eric_Hinske
Eric_Hinske_0002,Eric_Hinske
Eric_Ryan_Donnelly_0001,Eric_Ryan_Donnelly
Eric_Schacht_0001,Eric_Schacht
Erik_Morales_0002,Erik_Morales
Erik_Morales_0003,Erik_Morales
Eriko_Tamura_0001,Eriko_Tamura
Erin_Brockovich_0001,Erin_Brockovich
Ernie_Els_0001,Ernie_Els
Ernie_Els_0002,Ernie_Els
Ernie_Preate_0001,Ernie_Preate
Ernie_Stewart_0001,Ernie_Stewart
Esther_Macklin_0001,Esther_Macklin
Ethan_Hawke_0001,Ethan_Hawke
Eurico_Guterres_0001,Eurico_Guterres
Eva_Amurri_0001,Eva_Amurri
Evan_Rachel_Wood_0003,Evan_Rachel_Wood
Evander_Holyfield_0001,Evander_Holyfield
Ewan_McGregor_0001,Ewan_McGregor
Fabian_Vargas_0001,Fabian_Vargas
Fann_Wong_0001,Fann_Wong
Farida_Ragoonanan_0001,Farida_Ragoonanan
Faye_Dunaway_0002,Faye_Dunaway
Faye_Dunaway_0003,Faye_Dunaway
Federico_Trillo_0001,Federico_Trillo
Federico_Trillo_0002,Federico_Trillo
Felipe_Perez_Roque_0004,Felipe_Perez_Roque
Felix_Doh_0001,Felix_Doh
Fernando_Gonzalez_0002,Fernando_Gonzalez
Fernando_Gonzalez_0003,Fernando_Gonzalez
Fernando_Henrique_Cardoso_0003,Fernando_Henrique_Cardoso
Fernando_Henrique_Cardoso_0004,Fernando_Henrique_Cardoso
Fernando_Vargas_0001,Fernando_Vargas
Fernando_Vargas_0002,Fernando_Vargas
Fidel_Castro_0005,Fidel_Castro
Fidel_Castro_0006,Fidel_Castro
Fidel_Castro_0015,Fidel_Castro
Fidel_Castro_0016,Fidel_Castro
Fiona_Milne_0001,Fiona_Milne
Flavia_Delaroli_0001,Flavia_Delaroli
Floyd_Mayweather_0001,Floyd_Mayweather
Fran_Drescher_0001,Fran_Drescher
Francis_George_0001,Francis_George
Francis_George_0002,Francis_George
Francisco_Maturana_0001,Francisco_Maturana
Francisco_Santos_0001,Francisco_Santos
Francois_Pienaar_0001,Francois_Pienaar
Frank_Abagnale_Jr_0001,Frank_Abagnale_Jr
Frank_Griswold_0001,Frank_Griswold
Frank_Griswold_0002,Frank_Griswold
Frank_Schmoekel_0001,Frank_Schmoekel
Frank_Shea_0001,Frank_Shea
Frank_Taylor_0001,Frank_Taylor
Frank_Van_Ecke_0001,Frank_Van_Ecke
Franz_Fischler_0001,Franz_Fischler
Franz_Fischler_0002,Franz_Fischler
Fred_Eckhard_0001,Fred_Eckhard
Fred_Eckhard_0002,Fred_Eckhard
Fred_Thompson_0003,Fred_Thompson
Fred_Wilpon_0001,Fred_Wilpon
Fujio_Cho_0001,Fujio_Cho
Fujio_Cho_0002,Fujio_Cho
Gabriel_Farhi_0001,Gabriel_Farhi
Gabriel_Hughes_0001,Gabriel_Hughes
Galen_Rowell_0001,Galen_Rowell
Gao_Qiang_0001,Gao_Qiang
Garth_Drabinsky_0001,Garth_Drabinsky
Gary_Bald_0001,Gary_Bald
Gary_Coleman_0001,Gary_Coleman
Gary_Condit_0001,Gary_Condit
Gary_Leon_Ridgway_0001,Gary_Leon_Ridgway
Gary_Locke_0001,Gary_Locke
Gary_Winnick_0001,Gary_Winnick
Gary_Winnick_0002,Gary_Winnick
Gene_Orza_0001,Gene_Orza
Gene_Robinson_0001,Gene_Robinson
Geoff_Dixon_0001,Geoff_Dixon
Geoff_Hoon_0001,Geoff_Hoon
George_Allen_0001,George_Allen
George_Blaney_0001,George_Blaney
George_Clooney_0005,George_Clooney
George_Clooney_0006,George_Clooney
George_Galloway_0004,George_Galloway
George_Gregan_0001,George_Gregan
George_HW_Bush_0008,George_HW_Bush
George_HW_Bush_0009,George_HW_Bush
George_Lopez_0003,George_Lopez
George_Lopez_0004,George_Lopez
George_Papandreou_0002,George_Papandreou
George_Papandreou_0003,George_Papandreou
George_Robertson_0002,George_Robertson
George_Robertson_0003,George_Robertson
George_Robertson_0012,George_Robertson
George_Robertson_0013,George_Robertson
George_Robertson_0022,George_Robertson
George_Roy_Hill_0001,George_Roy_Hill
George_Voinovich_0002,George_Voinovich
George_Voinovich_0003,George_Voinovich
George_W_Bush_0009,George_W_Bush
George_W_Bush_0010,George_W_Bush
George_W_Bush_0019,George_W_Bush
George_W_Bush_0020,George_W_Bush
George_W_Bush_0029,George_W_Bush
George_W_Bush_0030,George_W_Bush
George_W_Bush_0039,George_W_Bush
George_W_Bush_0040,George_W_Bush
George_W_Bush_0049,George_W_Bush
George_W_Bush_0050,George_W_Bush
George_W_Bush_0059,George_W_Bush
George_W_Bush_0060,George_W_Bush
George_W_Bush_0069,George_W_Bush
George_W_Bush_0070,George_W_Bush
George_W_Bush_0079,George_W_Bush
George_W_Bush_0080,George_W_Bush
George_W_Bush_0089,George_W_Bush
George_W_Bush_0090,George_W_Bush
George_W_Bush_0099,George_W_Bush
George_W_Bush_0100,George_W_Bush
George_W_Bush_0109,George_W_Bush
George_W_Bush_0110,George_W_Bush
George_W_Bush_0119,George_W_Bush
George_W_Bush_0120,George_W_Bush
George_W_Bush_0129,George_W_Bush
George_W_Bush_0130,George_W_Bush
George_W_Bush_0139,George_W_Bush
George_W_Bush_0140,George_W_Bush
George_W_Bush_0149,George_W_Bush
George_W_Bush_0150,George_W_Bush
George_W_Bush_0159,George_W_Bush
George_W_Bush_0160,George_W_Bush
George_W_Bush_0169,George_W_Bush
George_W_Bush_0170,George_W_Bush
George_W_Bush_0179,George_W_Bush
George_W_Bush_0180,George_W_Bush
George_W_Bush_0189,George_W_Bush
George_W_Bush_0190,George_W_Bush
George_W_Bush_0199,George_W_Bush
George_W_Bush_0200,George_W_Bush
George_W_Bush_0209,George_W_Bush
George_W_Bush_0210,George_W_Bush
George_W_Bush_0219,George_W_Bush
George_W_Bush_0220,George_W_Bush
George_W_Bush_0229,George_W_Bush
George_W_Bush_0230,George_W_Bush
George_W_Bush_0239,George_W_Bush
George_W_Bush_0240,George_W_Bush
George_W_Bush_0249,George_W_Bush
George_W_Bush_0250,George_W_Bush
George_W_Bush_0259,George_W_Bush
George_W_Bush_0260,George_W_Bush
George_W_Bush_0269,George_W_Bush
George_W_Bush_0270,George_W_Bush
George_W_Bush_0279,George_W_Bush
George_W_Bush_0280,George_W_Bush
George_W_Bush_0289,George_W_Bush
George_W_Bush_0290,George_W_Bush
George_W_Bush_0299,George_W_Bush
George_W_Bush_0300,George_W_Bush
George_W_Bush_0309,George_W_Bush
George_W_Bush_0310,George_W_Bush
George_W_Bush_0319,George_W_Bush
George_W_Bush_0320,George_W_Bush
George_W_Bush_0329,George_W_Bush
George_W_Bush_0330,George_W_Bush
George_W_Bush_0339,George_W_Bush
George_W_Bush_0340,George_W_Bush
George_W_Bush_0349,George_W_Bush
George_W_Bush_0350,George_W_Bush
George_W_Bush_0359,George_W_Bush
George_W_Bush_0360,George_W_Bush
George_W_Bush_0369,George_W_Bush
George_W_Bush_0370,George_W_Bush
George_W_Bush_0379,George_W_Bush
George_W_Bush_0380,George_W_Bush
George_W_Bush_0389,George_W_Bush
George_W_Bush_0390,George_W_Bush
George_W_Bush_0399,George_W_Bush
George_W_Bush_0400,George_W_Bush
George_W_Bush_0409,George_W_Bush
George_W_Bush_0410,George_W_Bush
George_W_Bush_0419,George_W_Bush
George_W_Bush_0420,George_W_Bush
George_W_Bush_0429,George_W_Bush
George_W_Bush_0430,George_W_Bush
George_W_Bush_0439,George_W_Bush
George_W_Bush_0440,George_W_Bush
George_W_Bush_0449,George_W_Bush
George_W_Bush_0450,George_W_Bush
George_W_Bush_0459,George_W_Bush
George_W_Bush_0460,George_W_Bush
George_W_Bush_0469,George_W_Bush
George_W_Bush_0470,George_W_Bush
George_W_Bush_0479,George_W_Bush
George_W_Bush_0480,George_W_Bush
George_W_Bush_0489,George_W_Bush
George_W_Bush_0490,George_W_Bush
George_W_Bush_0499,George_W_Bush
George_W_Bush_0500,George_W_Bush
George_W_Bush_0509,George_W_Bush
George_W_Bush_0510,George_W_Bush
George_W_Bush_0519,George_W_Bush
George_W_Bush_0520,George_W_Bush
George_W_Bush_0529,George_W_Bush
George_W_Bush_0530,George_W_Bush
Gerald_Fitch_0001,Gerald_Fitch
Gerald_Ford_0001,Gerald_Ford
Gerard_Depardieu_0001,Gerard_Depardieu
Gerard_Depardieu_0002,Gerard_Depardieu
Gerhard_Schroeder_0003,Gerhard_Schroeder
Gerhard_Schroeder_0004,Gerhard_Schroeder
Gerhard_Schroeder_0013,Gerhard_Schroeder
Gerhard_Schroeder_0014,Gerhard_Schroeder
Gerhard_Schroeder_0023,Gerhard_Schroeder
Gerhard_Schroeder_0024,Gerhard_Schroeder
Gerhard_Schroeder_0033,Gerhard_Schroeder
Gerhard_Schroeder_0034,Gerhard_Schroeder
Gerhard_Schroeder_0043,Gerhard_Schroeder
Gerhard_Schroeder_0044,Gerhard_Schroeder
Gerhard_Schroeder_0053,Gerhard_Schroeder
Gerhard_Schroeder_0054,Gerhard_Schroeder
Gerhard_Schroeder_0063,Gerhard_Schroeder
Gerhard_Schroeder_0064,Gerhard_Schroeder
Gerhard_Schroeder_0073,Gerhard_Schroeder
Gerhard_Schroeder_0074,Gerhard_Schroeder
Gerhard_Schroeder_0083,Gerhard_Schroeder
Gerhard_Schroeder_0084,Gerhard_Schroeder
Gerhard_Schroeder_0093,Gerhard_Schroeder
Gerhard_Schroeder_0094,Gerhard_Schroeder
Gerhard_Schroeder_0103,Gerhard_Schroeder
Gerhard_Schroeder_0104,Gerhard_Schroeder
Gerry_Adams_0002,Gerry_Adams
Gerry_Adams_0003,Gerry_Adams
Ghassan_Elashi_0001,Ghassan_Elashi
Gholamreza_Aghazadeh_0001,Gholamreza_Aghazadeh
Giannina_Facio_0001,Giannina_Facio
Gideon_Black_0001,Gideon_Black
Gilberto_Rodriguez_Orejuela_0002,Gilberto_Rodriguez_Orejuela
Gilberto_Rodriguez_Orejuela_0003,Gilberto_Rodriguez_Orejuela
Gina_Torres_0001,Gina_Torres
Giovanny_Cordoba_0001,Giovanny_Cordoba
Giuseppe_Gibilisco_0004,Giuseppe_Gibilisco
Giuseppe_Morchio_0001,Giuseppe_Morchio
Glen_Clark_0001,Glen_Clark
Glen_DaSilva_0001,Glen_DaSilva
Gloria_Macapagal_Arroyo_0002,Gloria_Macapagal_Arroyo
Gloria_Macapagal_Arroyo_0003,Gloria_Macapagal_Arroyo
Gloria_Macapagal_Arroyo_0012,Gloria_Macapagal_Arroyo
Gloria_Macapagal_Arroyo_0013,Gloria_Macapagal_Arroyo
Gloria_Macapagal_Arroyo_0022,Gloria_Macapagal_Arroyo
Gloria_Macapagal_Arroyo_0023,Gloria_Macapagal_Arroyo
Gloria_Macapagal_Arroyo_0032,Gloria_Macapagal_Arroyo
Gloria_Macapagal_Arroyo_0033,Gloria_Macapagal_Arroyo
Gloria_Macapagal_Arroyo_0042,Gloria_Macapagal_Arroyo
Gloria_Macapagal_Arroyo_0043,Gloria_Macapagal_Arroyo
Goldie_Hawn_0002,Goldie_Hawn
Goldie_Hawn_0003,Goldie_Hawn
Gonzalo_Sanchez_de_Lozada_0002,Gonzalo_Sanchez_de_Lozada
Gonzalo_Sanchez_de_Lozada_0003,Gonzalo_Sanchez_de_Lozada
Gonzalo_Sanchez_de_Lozada_0012,Gonzalo_Sanchez_de_Lozada
Goran_Persson_0001,Goran_Persson
Gordon_Brown_0005,Gordon_Brown
Gordon_Brown_0006,Gordon_Brown
Gordon_Campbell_0002,Gordon_Campbell
Gordon_Cooper_0001,Gordon_Cooper
Graciano_Rocchigiani_0001,Graciano_Rocchigiani
Grady_Irvin_Jr_0001,Grady_Irvin_Jr
Grant_Hackett_0004,Grant_Hackett
Grant_Hackett_0005,Grant_Hackett
Gray_Davis_0008,Gray_Davis
Gray_Davis_0009,Gray_Davis
Gray_Davis_0018,Gray_Davis
Gray_Davis_0019,Gray_Davis
Greg_Gilbert_0001,Greg_Gilbert
Greg_Gilbert_0002,Greg_Gilbert
Greg_Rusedski_0001,Greg_Rusedski
Greg_Rusedski_0002,Greg_Rusedski
Gregor_Gysi_0001,Gregor_Gysi
Gregorio_Honasan_0001,Gregorio_Honasan
Gro_Harlem_Brundtland_0001,Gro_Harlem_Brundtland
Gro_Harlem_Brundtland_0002,Gro_Harlem_Brundtland
Guillaume_Soro_0002,Guillaume_Soro
Guillermo_Canas_0001,Guillermo_Canas
Guillermo_Coria_0006,Guillermo_Coria
Guillermo_Coria_0007,Guillermo_Coria
Guillermo_Coria_0016,Guillermo_Coria
Guillermo_Coria_0017,Guillermo_Coria
Guillermo_Coria_0026,Guillermo_Coria
Guillermo_Coria_0027,Guillermo_Coria
Gunter_Pleuger_0001,Gunter_Pleuger
Gunter_Pleuger_0002,Gunter_Pleuger
Gus_Van_Sant_0003,Gus_Van_Sant
Gustavo_Cisneros_0001,Gustavo_Cisneros
Guy_Hemmings_0002,Guy_Hemmings
Guy_Ritchie_0001,Guy_Ritchie
Gwyneth_Paltrow_0003,Gwyneth_Paltrow
Gwyneth_Paltrow_0004,Gwyneth_Paltrow
Hadley_Bilger_0001,Hadley_Bilger
Hal_Gehman_0001,Hal_Gehman
Halbert_Fillinger_0001,Halbert_Fillinger
Halle_Berry_0001,Halle_Berry
Halle_Berry_0010,Halle_Berry
Halle_Berry_0011,Halle_Berry
Hamad_Bin_Jassim_0001,Hamad_Bin_Jassim
Hamid_Efendi_0001,Hamid_Efendi
Hamid_Karzai_0009,Hamid_Karzai
Hamid_Karzai_0010,Hamid_Karzai
Hamid_Karzai_0019,Hamid_Karzai
Hamid_Karzai_0020,Hamid_Karzai
Hana_Sadiq_0001,Hana_Sadiq
Hana_Urushima_0001,Hana_Urushima
Hannah_Stockbauer_0002,Hannah_Stockbauer
Hanns_Schumacher_0001,Hanns_Schumacher
Hans_Blix_0008,Hans_Blix
Hans_Blix_0009,Hans_Blix
Hans_Blix_0018,Hans_Blix
Hans_Blix_0019,Hans_Blix
Hans_Blix_0028,Hans_Blix
Hans_Blix_0029,Hans_Blix
Hans_Blix_0038,Hans_Blix
Hans_Blix_0039,Hans_Blix
Harbhajan_Singh_0002,Harbhajan_Singh
Harland_Braun_0001,Harland_Braun
Harrison_Ford_0006,Harrison_Ford
Harrison_Ford_0007,Harrison_Ford
Harry_Kalas_0002,Harry_Kalas
Harry_Schmidt_0001,Harry_Schmidt
Hasan_Wirayuda_0001,Hasan_Wirayuda
Hashan_Tillakaratne_0001,Hashan_Tillakaratne
Haydar_Aliyev_0001,Haydar_Aliyev
Hayden_Panettiere_0001,Hayden_Panettiere
Heather_Mills_0001,Heather_Mills
Heather_Mills_0002,Heather_Mills
Hector_Mitelman_0001,Hector_Mitelman
Hedayat_Amin_Arsala_0001,Hedayat_Amin_Arsala
Heidi_Klum_0002,Heidi_Klum
Heidi_Klum_0003,Heidi_Klum
Heizo_Takenaka_0003,Heizo_Takenaka
Heizo_Takenaka_0004,Heizo_Takenaka
Helen_Clark_0003,Helen_Clark
Helen_Clark_0004,Helen_Clark
Henning_Scherf_0001,Henning_Scherf
Henri_Proglio_0001,Henri_Proglio
Herb_Dhaliwal_0001,Herb_Dhaliwal
Herb_Ritts_0001,Herb_Ritts
Hermando_Harton_0001,Hermando_Harton
Hermann_Maier_0001,Hermann_Maier
Hichiro_Naemura_0001,Hichiro_Naemura
Hichiro_Naemura_0002,Hichiro_Naemura
Hilary_McKay_0001,Hilary_McKay
Hilda_Fortune_0001,Hilda_Fortune
Hillary_Clinton_0009,Hillary_Clinton
Hillary_Clinton_0010,Hillary_Clinton
Hipolito_Mejia_0001,Hipolito_Mejia
Hipolito_Mejia_0002,Hipolito_Mejia
Hitomi_Soga_0001,Hitomi_Soga
Hitomi_Soga_0002,Hitomi_Soga
Holly_Hunter_0003,Holly_Hunter
Holly_Hunter_0004,Holly_Hunter
Horace_Newcomb_0001,Horace_Newcomb
Horacio_de_Jesus_Montoya_0001,Horacio_de_Jesus_Montoya
Hosni_Mubarak_0005,Hosni_Mubarak
Hosni_Mubarak_0006,Hosni_Mubarak
Howard_Dean_0006,Howard_Dean
Howard_Dean_0007,Howard_Dean
Howard_Smith_0001,Howard_Smith
Howard_Smith_0002,Howard_Smith
Hu_Jintao_0005,Hu_Jintao
Hu_Jintao_0006,Hu_Jintao
Hu_Jintao_0015,Hu_Jintao
Hu_Maoyuan_0001,Hu_Maoyuan
Hugh_Grant_0003,Hugh_Grant
Hugh_Grant_0004,Hugh_Grant
Hugo_Chavez_0001,Hugo_Chavez
Hugo_Chavez_0002,Hugo_Chavez
Hugo_Chavez_0011,Hugo_Chavez
Hugo_Chavez_0012,Hugo_Chavez
Hugo_Chavez_0021,Hugo_Chavez
Hugo_Chavez_0022,Hugo_Chavez
Hugo_Chavez_0031,Hugo_Chavez
Hugo_Chavez_0032,Hugo_Chavez
Hugo_Chavez_0041,Hugo_Chavez
Hugo_Chavez_0042,Hugo_Chavez
Hugo_Chavez_0051,Hugo_Chavez
Hugo_Chavez_0052,Hugo_Chavez
Hugo_Chavez_0061,Hugo_Chavez
Hugo_Chavez_0062,Hugo_Chavez
Hugo_Chavez_0071,Hugo_Chavez
Hugo_Colace_0001,Hugo_Colace
Hunter_Bates_0001,Hunter_Bates
Hunter_Kemper_0001,Hunter_Kemper
Iain_Duncan_Smith_0003,Iain_Duncan_Smith
Iain_Duncan_Smith_0004,Iain_Duncan_Smith
Ian_Moran_0001,Ian_Moran
Ian_Smith_0001,Ian_Smith
Ian_Thorpe_0009,Ian_Thorpe
Ian_Thorpe_0010,Ian_Thorpe
Ibrahim_Rugova_0001,Ibrahim_Rugova
Idi_Amin_0001,Idi_Amin
Igor_Ivanov_0007,Igor_Ivanov
Igor_Ivanov_0008,Igor_Ivanov
Igor_Ivanov_0017,Igor_Ivanov
Igor_Ivanov_0018,Igor_Ivanov
Ilie_Nastase_0001,Ilie_Nastase
Imad_Khadduri_0001,Imad_Khadduri
Infanta_Cristina_0001,Infanta_Cristina
Inga_Hall_0001,Inga_Hall
Ira_Einhorn_0001,Ira_Einhorn
Iran_Brown_0001,Iran_Brown
Isabela_Moraes_0001,Isabela_Moraes
Isabella_Rossellini_0001,Isabella_Rossellini
Isidro_Pastor_0001,Isidro_Pastor
Islam_Karimov_0001,Islam_Karimov
Iva_Majoli_0001,Iva_Majoli
Iva_Majoli_0002,Iva_Majoli
Jaap_de_Hoop_Scheffer_0001,Jaap_de_Hoop_Scheffer
Jack_Goodman_0001,Jack_Goodman
Jack_Smith_0001,Jack_Smith
Jack_Straw_0001,Jack_Straw
Jack_Straw_0010,Jack_Straw
Jack_Straw_0011,Jack_Straw
Jack_Straw_0020,Jack_Straw
Jack_Straw_0021,Jack_Straw
Jack_Welch_0001,Jack_Welch
Jackie_Chan_0001,Jackie_Chan
Jackie_Chan_0010,Jackie_Chan
Jackie_Chan_0011,Jackie_Chan
Jacqueline_Marris_0001,Jacqueline_Marris
Jacqueline_Obradors_0001,Jacqueline_Obradors
Jacques_Chirac_0008,Jacques_Chirac
Jacques_Chirac_0009,Jacques_Chirac
Jacques_Chirac_0018,Jacques_Chirac
Jacques_Chirac_0019,Jacques_Chirac
Jacques_Chirac_0028,Jacques_Chirac
Jacques_Chirac_0029,Jacques_Chirac
Jacques_Chirac_0038,Jacques_Chirac
Jacques_Chirac_0039,Jacques_Chirac
Jacques_Chirac_0048,Jacques_Chirac
Jacques_Chirac_0049,Jacques_Chirac
Jacques_Rogge_0005,Jacques_Rogge
Jacques_Rogge_0006,Jacques_Rogge
Jafar_Umar_Thalib_0001,Jafar_Umar_Thalib
Jaime_Orti_0001,Jaime_Orti
Jakob_Kellenberger_0001,Jakob_Kellenberger
Jalal_Talabani_0001,Jalal_Talabani
James_Blake_0004,James_Blake
James_Blake_0005,James_Blake
James_Blake_0014,James_Blake
James_Brazelton_0001,James_Brazelton
James_Cameron_0002,James_Cameron
James_Cameron_0003,James_Cameron
James_Dingemans_0001,James_Dingemans
James_Franco_0001,James_Franco
James_Hill_0001,James_Hill
James_Hoffa_0001,James_Hoffa
James_Kelly_0004,James_Kelly
James_Kelly_0005,James_Kelly
James_Kopp_0002,James_Kopp
James_Kopp_0003,James_Kopp
James_McGreevey_0002,James_McGreevey
James_McGreevey_0003,James_McGreevey
James_Parker_0001,James_Parker
James_Parker_0002,James_Parker
James_Spalding_0001,James_Spalding
James_Traficant_0001,James_Traficant
James_Wolfensohn_0002,James_Wolfensohn
James_Wolfensohn_0003,James_Wolfensohn
Jamie_Lee_Curtis_0001,Jamie_Lee_Curtis
Jamie_Martin_0001,Jamie_Martin
Jan-Michael_Gambill_0003,Jan-Michael_Gambill
Jan_Bjoerklund_0001,Jan_Bjoerklund
Jan_Ullrich_0004,Jan_Ullrich
Jan_Ullrich_0005,Jan_Ullrich
Jane_Kaczmarek_0002,Jane_Kaczmarek
Jane_Krakowski_0001,Jane_Krakowski
Janela_Jara_0001,Janela_Jara
Janet_Chandler_0001,Janet_Chandler
Janet_Thorpe_0001,Janet_Thorpe
Janet_Thorpe_0002,Janet_Thorpe
Janusz_Kaminski_0001,Janusz_Kaminski
Jaouad_Gharib_0001,Jaouad_Gharib
Jason_Gardner_0001,Jason_Gardner
Jason_Jennings_0001,Jason_Jennings
Jason_Kidd_0006,Jason_Kidd
Jason_Kidd_0007,Jason_Kidd
Jason_Sehorn_0001,Jason_Sehorn
Jason_Sorens_0001,Jason_Sorens
Javier_Solana_0002,Javier_Solana
Javier_Solana_0003,Javier_Solana
Javier_Vazquez_0001,Javier_Vazquez
Javier_Weber_0001,Javier_Weber
Jay_Garner_0005,Jay_Garner
Jay_Garner_0006,Jay_Garner
Jayson_Williams_0002,Jayson_Williams
Jayson_Williams_0003,Jayson_Williams
Jean-David_Levitte_0001,Jean-David_Levitte
Jean-David_Levitte_0002,Jean-David_Levitte
Jean-Francois_Lemounier_0001,Jean-Francois_Lemounier
Jean-Francois_Pontal_0001,Jean-Francois_Pontal
Jean-Pierre_Raffarin_0001,Jean-Pierre_Raffarin
Jean-Pierre_Raffarin_0002,Jean-Pierre_Raffarin
Jean_Brumley_0001,Jean_Brumley
Jean_Brumley_0002,Jean_Brumley
Jean_Charest_0007,Jean_Charest
Jean_Charest_0008,Jean_Charest
Jean_Charest_0017,Jean_Charest
Jean_Chretien_0001,Jean_Chretien
Jean_Chretien_0010,Jean_Chretien
Jean_Chretien_0011,Jean_Chretien
Jean_Chretien_0020,Jean_Chretien
Jean_Chretien_0021,Jean_Chretien
Jean_Chretien_0030,Jean_Chretien
Jean_Chretien_0031,Jean_Chretien
Jean_Chretien_0040,Jean_Chretien
Jean_Chretien_0041,Jean_Chretien
Jean_Chretien_0050,Jean_Chretien
Jean_Chretien_0051,Jean_Chretien
Jeanette_Stauffer_0001,Jeanette_Stauffer
Jeanne_Anne_Schroeder_0001,Jeanne_Anne_Schroeder
Jeb_Bush_0006,Jeb_Bush
Jeb_Bush_0007,Jeb_Bush
Jeff_Feldman_0001,Jeff_Feldman
Jeff_George_0001,Jeff_George
Jefferson_Perez_0002,Jefferson_Perez
Jeffery_Hendren_0001,Jeffery_Hendren
Jeffrey_Jones_0002,Jeffrey_Jones
Jeffrey_Katzenberg_0001,Jeffrey_Katzenberg
Jelena_Dokic_0006,Jelena_Dokic
Jelena_Dokic_0007,Jelena_Dokic
Jennifer_Aniston_0002,Jennifer_Aniston
Jennifer_Aniston_0003,Jennifer_Aniston
Jennifer_Aniston_0012,Jennifer_Aniston
Jennifer_Aniston_0013,Jennifer_Aniston
Jennifer_Capriati_0001,Jennifer_Capriati
Jennifer_Capriati_0002,Jennifer_Capriati
Jennifer_Capriati_0011,Jennifer_Capriati
Jennifer_Capriati_0012,Jennifer_Capriati
Jennifer_Capriati_0021,Jennifer_Capriati
Jennifer_Capriati_0022,Jennifer_Capriati
Jennifer_Capriati_0031,Jennifer_Capriati
Jennifer_Capriati_0032,Jennifer_Capriati
Jennifer_Capriati_0041,Jennifer_Capriati
Jennifer_Capriati_0042,Jennifer_Capriati
Jennifer_Garner_0004,Jennifer_Garner
Jennifer_Garner_0005,Jennifer_Garner
Jennifer_Gratz_0001,Jennifer_Gratz
Jennifer_Keller_0001,Jennifer_Keller
Jennifer_Lopez_0006,Jennifer_Lopez
Jennifer_Lopez_0007,Jennifer_Lopez
Jennifer_Lopez_0016,Jennifer_Lopez
Jennifer_Lopez_0017,Jennifer_Lopez
Jennifer_Reilly_0001,Jennifer_Reilly
Jennifer_Reilly_0002,Jennifer_Reilly
Jeong_Se-hyun_0001,Jeong_Se-hyun
Jeong_Se-hyun_0002,Jeong_Se-hyun
Jeremy_Fogel_0001,Jeremy_Fogel
Jeremy_Gompertz_0001,Jeremy_Gompertz
Jeremy_Greenstock_0009,Jeremy_Greenstock
Jeremy_Greenstock_0010,Jeremy_Greenstock
Jeremy_Greenstock_0019,Jeremy_Greenstock
Jeremy_Greenstock_0020,Jeremy_Greenstock
Jerome_Golmard_0001,Jerome_Golmard
Jerome_Jenkins_0001,Jerome_Jenkins
Jerry_McEntee_0001,Jerry_McEntee
Jerry_Oliver_0001,Jerry_Oliver
Jerry_Sloan_0001,Jerry_Sloan
Jerry_Springer_0001,Jerry_Springer
Jesse_Helms_0001,Jesse_Helms
Jesse_Jackson_0001,Jesse_Jackson
Jesse_James_0001,Jesse_James
Jesse_James_Leija_0001,Jesse_James_Leija
Jessica_Capshaw_0001,Jessica_Capshaw
Jessica_Lange_0001,Jessica_Lange
Jiang_Zemin_0001,Jiang_Zemin
Jiang_Zemin_0002,Jiang_Zemin
Jiang_Zemin_0011,Jiang_Zemin
Jiang_Zemin_0012,Jiang_Zemin
Jim_Abbott_0001,Jim_Abbott
Jim_Ahern_0001,Jim_Ahern
Jim_Carrey_0003,Jim_Carrey
Jim_Doyle_0001,Jim_Doyle
Jim_Furyk_0004,Jim_Furyk
Jim_Furyk_0005,Jim_Furyk
Jim_Harrick_0002,Jim_Harrick
Jim_Haslett_0001,Jim_Haslett
Jim_OBrien_0003,Jim_OBrien
Jim_Otto_0001,Jim_Otto
Jim_Taylor_0001,Jim_Taylor
Jim_Thome_0001,Jim_Thome
Jimmy_Carter_0001,Jimmy_Carter
Jimmy_Carter_0002,Jimmy_Carter
Jimmy_Gurule_0001,Jimmy_Gurule
Jimmy_Iovine_0001,Jimmy_Iovine
Jiri_Novak_0003,Jiri_Novak
Jiri_Novak_0004,Jiri_Novak
JJ_Redick_0002,JJ_Redick
JK_Rowling_0001,JK_Rowling
Joan_Claybrook_0001,Joan_Claybrook
Joan_Claybrook_0002,Joan_Claybrook
Joan_Laporta_0006,Joan_Laporta
Joan_Laporta_0007,Joan_Laporta
Joaquin_Phoenix_0001,Joaquin_Phoenix
Joaquin_Sanchez_0001,Joaquin_Sanchez
Joe_Calzaghe_0001,Joe_Calzaghe
Joe_Calzaghe_0002,Joe_Calzaghe
Joe_Dumars_0002,Joe_Dumars
Joe_Finley_0001,Joe_Finley
Joe_Lieberman_0003,Joe_Lieberman
Joe_Lieberman_0004,Joe_Lieberman
Joe_Lieberman_0013,Joe_Lieberman
Joe_Mantegna_0001,Joe_Mantegna
Joe_Pantoliano_0001,Joe_Pantoliano
Joe_Paterno_0001,Joe_Paterno
Joel_Todd_0001,Joel_Todd
Joerg_Haider_0001,Joerg_Haider
John_Abizaid_0003,John_Abizaid
John_Abizaid_0004,John_Abizaid
John_Allen_Muhammad_0004,John_Allen_Muhammad
John_Allen_Muhammad_0005,John_Allen_Muhammad
John_Ashcroft_0002,John_Ashcroft
John_Ashcroft_0003,John_Ashcroft
John_Ashcroft_0012,John_Ashcroft
John_Ashcroft_0013,John_Ashcroft
John_Ashcroft_0022,John_Ashcroft
John_Ashcroft_0023,John_Ashcroft
John_Ashcroft_0032,John_Ashcroft
John_Ashcroft_0033,John_Ashcroft
John_Ashcroft_0042,John_Ashcroft
John_Ashcroft_0043,John_Ashcroft
John_Ashcroft_0052,John_Ashcroft
John_Ashcroft_0053,John_Ashcroft
John_Bolton_0002,John_Bolton
John_Bolton_0003,John_Bolton
John_Bolton_0012,John_Bolton
John_Bolton_0013,John_Bolton
John_Burnett_0001,John_Burnett
John_Connolly_0001,John_Connolly
John_Darby_0001,John_Darby
John_Duprey_0001,John_Duprey
John_Edwards_0007,John_Edwards
John_Edwards_0008,John_Edwards
John_Garamendi_0001,John_Garamendi
John_Garamendi_0002,John_Garamendi
John_Howard_0002,John_Howard
John_Howard_0003,John_Howard
John_Howard_0012,John_Howard
John_Howard_0013,John_Howard
John_Jumper_0002,John_Jumper
John_Kerr_0001,John_Kerr
John_Kerry_0009,John_Kerry
John_Kerry_0010,John_Kerry
John_Leguizamo_0001,John_Leguizamo
John_Lennon_0001,John_Lennon
John_Manley_0001,John_Manley
John_Manley_0002,John_Manley
John_Mayer_0003,John_Mayer
John_McCain_0001,John_McCain
John_McCormack_0001,John_McCormack
John_McCormack_0002,John_McCormack
John_Negroponte_0003,John_Negroponte
John_Negroponte_0004,John_Negroponte
John_Negroponte_0013,John_Negroponte
John_Negroponte_0014,John_Negroponte
John_Negroponte_0023,John_Negroponte
John_Negroponte_0024,John_Negroponte
John_Norquist_0001,John_Norquist
John_Paul_DeJoria_0001,John_Paul_DeJoria
John_Paul_II_0009,John_Paul_II
John_Paul_II_0010,John_Paul_II
John_Reilly_0001,John_Reilly
John_Reilly_0002,John_Reilly
John_Rowland_0001,John_Rowland
John_Rowland_0002,John_Rowland
John_Snow_0003,John_Snow
John_Snow_0004,John_Snow
John_Snow_0013,John_Snow
John_Snow_0014,John_Snow
John_Stockton_0001,John_Stockton
John_Stockton_0002,John_Stockton
John_Taylor_0001,John_Taylor
John_Taylor_0002,John_Taylor
John_Travolta_0006,John_Travolta
John_Travolta_0007,John_Travolta
John_Wayne_0001,John_Wayne
John_White_0001,John_White
Johnny_Depp_0001,Johnny_Depp
Johnny_Depp_0002,Johnny_Depp
Johnson_Panjaitan_0002,Johnson_Panjaitan
Jolanta_Kwasniewski_0001,Jolanta_Kwasniewski
Jon_Gruden_0004,Jon_Gruden
Jon_Gruden_0005,Jon_Gruden
Jonathan_Byrd_0001,Jonathan_Byrd
Jonathan_Edwards_0001,Jonathan_Edwards
Jonathan_Horton_0001,Jonathan_Horton
Jonathan_Karsh_0001,Jonathan_Karsh
Jong_Wook_Lee_0002,Jong_Wook_Lee
Jong_Wook_Lee_0003,Jong_Wook_Lee
Jorge_Castaneda_0002,Jorge_Castaneda
Jorge_Enrique_Jimenez_0001,Jorge_Enrique_Jimenez
Joschka_Fischer_0001,Joschka_Fischer
Joschka_Fischer_0002,Joschka_Fischer
Joschka_Fischer_0011,Joschka_Fischer
Joschka_Fischer_0012,Joschka_Fischer
Jose_Alencar_0001,Jose_Alencar
Jose_Bove_0001,Jose_Bove
Jose_Dirceu_0002,Jose_Dirceu
Jose_Genoino_0001,Jose_Genoino
Jose_Manuel_Durao_Barroso_0003,Jose_Manuel_Durao_Barroso
Jose_Manuel_Durao_Barroso_0004,Jose_Manuel_Durao_Barroso
Jose_Maria_Aznar_0007,Jose_Maria_Aznar
Jose_Maria_Aznar_0008,Jose_Maria_Aznar
Jose_Maria_Aznar_0017,Jose_Maria_Aznar
Jose_Maria_Aznar_0018,Jose_Maria_Aznar
Jose_Rosado_0001,Jose_Rosado
Jose_Santos_0001,Jose_Santos
Jose_Serra_0006,Jose_Serra
Jose_Serra_0007,Jose_Serra
Joseph_Biden_0001,Joseph_Biden
Joseph_Biden_0002,Joseph_Biden
Joseph_Estrada_0001,Joseph_Estrada
Joseph_Estrada_0002,Joseph_Estrada
Joseph_Lopez_0001,Joseph_Lopez
Joseph_Nacchio_0001,Joseph_Nacchio
Joshua_Gracin_0001,Joshua_Gracin
Joshua_Harapko_0001,Joshua_Harapko
Juan_Carlos_Ferrero_0001,Juan_Carlos_Ferrero
Juan_Carlos_Ferrero_0002,Juan_Carlos_Ferrero
Juan_Carlos_Ferrero_0011,Juan_Carlos_Ferrero
Juan_Carlos_Ferrero_0012,Juan_Carlos_Ferrero
Juan_Carlos_Ferrero_0021,Juan_Carlos_Ferrero
Juan_Carlos_Ferrero_0022,Juan_Carlos_Ferrero
Juan_Fernandez_0001,Juan_Fernandez
Juan_Francisco_Palencia_0001,Juan_Francisco_Palencia
Juan_Pablo_Montoya_0002,Juan_Pablo_Montoya
Juan_Pablo_Montoya_0003,Juan_Pablo_Montoya
Juan_Valencia_Osorio_0001,Juan_Valencia_Osorio
Juan_Valencia_Osorio_0002,Juan_Valencia_Osorio
Judi_Patton_0001,Judi_Patton
Judith_Nathan_0001,Judith_Nathan
Juergen_Peters_0001,Juergen_Peters
Juergen_Peters_0002,Juergen_Peters
Julian_Battle_0001,Julian_Battle
Julian_Fantino_0001,Julian_Fantino
Julianne_Moore_0007,Julianne_Moore
Julianne_Moore_0008,Julianne_Moore
Julianne_Moore_0017,Julianne_Moore
Julianne_Moore_0018,Julianne_Moore
Julie_Gerberding_0007,Julie_Gerberding
Julie_Gerberding_0008,Julie_Gerberding
Julie_Infante_0001,Julie_Infante
Julie_Taymor_0001,Julie_Taymor
Julio_Iglesias_Jr_0001,Julio_Iglesias_Jr
Julio_Iglesias_Jr_0002,Julio_Iglesias_Jr
Junichiro_Koizumi_0002,Junichiro_Koizumi
Junichiro_Koizumi_0003,Junichiro_Koizumi
Junichiro_Koizumi_0012,Junichiro_Koizumi
Junichiro_Koizumi_0013,Junichiro_Koizumi
Junichiro_Koizumi_0022,Junichiro_Koizumi
Junichiro_Koizumi_0023,Junichiro_Koizumi
Junichiro_Koizumi_0032,Junichiro_Koizumi
Junichiro_Koizumi_0033,Junichiro_Koizumi
Junichiro_Koizumi_0042,Junichiro_Koizumi
Junichiro_Koizumi_0043,Junichiro_Koizumi
Junichiro_Koizumi_0052,Junichiro_Koizumi
Junichiro_Koizumi_0053,Junichiro_Koizumi
Justin_Gatlin_0001,Justin_Gatlin
Justin_Gatlin_0002,Justin_Gatlin
Justin_Timberlake_0001,Justin_Timberlake
Justin_Timberlake_0002,Justin_Timberlake
Justine_Henin_0002,Justine_Henin
Justine_Henin_0003,Justine_Henin
Kaio_Almeida_0001,Kaio_Almeida
Kaisser_Bazan_0001,Kaisser_Bazan
Kamal_Kharrazi_0002,Kamal_Kharrazi
Kamal_Kharrazi_0003,Kamal_Kharrazi
Karen_Allen_0001,Karen_Allen
Karen_Clarkson_0001,Karen_Clarkson
Karin_Viard_0001,Karin_Viard
Karl-Heinz_Rummenigge_0001,Karl-Heinz_Rummenigge
Kate_Hudson_0003,Kate_Hudson
Kate_Hudson_0004,Kate_Hudson
Kate_Starbird_0001,Kate_Starbird
Kate_Winslet_0001,Kate_Winslet
Katherine_Harris_0004,Katherine_Harris
Kathie_Louise_Saunders_0001,Kathie_Louise_Saunders
Kathryn_Bigelow_0002,Kathryn_Bigelow
Kathryn_Grayson_0001,Kathryn_Grayson
Katie_Couric_0001,Katie_Couric
Katie_Harman_0001,Katie_Harman
Kay_Bailey_Hutchison_0001,Kay_Bailey_Hutchison
Kay_Behrensmeyer_0001,Kay_Behrensmeyer
Keanu_Reeves_0008,Keanu_Reeves
Keanu_Reeves_0009,Keanu_Reeves
Keith_Bogans_0002,Keith_Bogans
Keith_Bogans_0003,Keith_Bogans
Keith_Snyder_0001,Keith_Snyder
Keith_Tyson_0001,Keith_Tyson
Kelly_Clarkson_0002,Kelly_Clarkson
Kelly_Clarkson_0003,Kelly_Clarkson
Kemal_Dervis_0001,Kemal_Dervis
Kemal_Dervis_0002,Kemal_Dervis
Ken_Watanabe_0001,Ken_Watanabe
Ken_Watanabe_0002,Ken_Watanabe
Kenneth_Carlsen_0001,Kenneth_Carlsen
Kenneth_Cooper_0001,Kenneth_Cooper
Kent_Rominger_0001,Kent_Rominger
Kent_Rominger_0002,Kent_Rominger
Kevin_Costner_0008,Kevin_Costner
Kevin_Crane_0001,Kevin_Crane
Kevin_Nealon_0001,Kevin_Nealon
Kevin_Satterfield_0001,Kevin_Satterfield
Kevin_Tarrant_0001,Kevin_Tarrant
Khader_Rashid_Rahim_0001,Khader_Rashid_Rahim
Kieran_Prendergast_0002,Kieran_Prendergast
Kifah_Ajouri_0001,Kifah_Ajouri
Kim_Clijsters_0004,Kim_Clijsters
Kim_Clijsters_0005,Kim_Clijsters
Kim_Clijsters_0014,Kim_Clijsters
Kim_Dae-jung_0001,Kim_Dae-jung
Kim_Dong-tae_0001,Kim_Dong-tae
Kim_Gandy_0001,Kim_Gandy
Kim_Ryong-sung_0001,Kim_Ryong-sung
Kim_Ryong-sung_0002,Kim_Ryong-sung
Kim_Ryong-sung_0011,Kim_Ryong-sung
Kim_Su_Nam_0001,Kim_Su_Nam
Kimi_Raikkonen_0002,Kimi_Raikkonen
Kimi_Raikkonen_0003,Kimi_Raikkonen
Kirby_Puckett_0001,Kirby_Puckett
Kirk_Doerger_0001,Kirk_Doerger
Kirsten_Dunst_0001,Kirsten_Dunst
Kirsten_Gilham_0001,Kirsten_Gilham
Kobe_Bryant_0001,Kobe_Bryant
Kobe_Bryant_0002,Kobe_Bryant
Kofi_Annan_0008,Kofi_Annan
Kofi_Annan_0009,Kofi_Annan
Kofi_Annan_0018,Kofi_Annan
Kofi_Annan_0019,Kofi_Annan
Kofi_Annan_0028,Kofi_Annan
Kofi_Annan_0029,Kofi_Annan
Kostya_Tszyu_0001,Kostya_Tszyu
Kosuke_Kitajima_0001,Kosuke_Kitajima
Kristen_Breitweiser_0002,Kristen_Breitweiser
Kristen_Breitweiser_0003,Kristen_Breitweiser
Kultida_Woods_0001,Kultida_Woods
Kurt_Budke_0001,Kurt_Budke
Kurt_Thomas_0001,Kurt_Thomas
Kurt_Warner_0001,Kurt_Warner
Kwon_Yang-sook_0003,Kwon_Yang-sook
Kwon_Young-gil_0001,Kwon_Young-gil
Lana_Clarkson_0001,Lana_Clarkson
Lana_Clarkson_0002,Lana_Clarkson
Lance_Armstrong_0009,Lance_Armstrong
Lance_Armstrong_0010,Lance_Armstrong
Lance_Bass_0001,Lance_Bass
Lance_Bass_0002,Lance_Bass
Larry_Anderson_0001,Larry_Anderson
Larry_Beinfest_0001,Larry_Beinfest
Larry_Brown_0007,Larry_Brown
Larry_Campbell_0001,Larry_Campbell
Larry_Eustachy_0001,Larry_Eustachy
Larry_Flynt_0001,Larry_Flynt
Larry_Lucchino_0001,Larry_Lucchino
Larry_Lucchino_0002,Larry_Lucchino
Larry_Thompson_0004,Larry_Thompson
Larry_Wilmore_0001,Larry_Wilmore
Laura_Bush_0001,Laura_Bush
Laura_Bush_0002,Laura_Bush
Laura_Bush_0011,Laura_Bush
Laura_Bush_0012,Laura_Bush
Laura_Bush_0021,Laura_Bush
Laura_Bush_0022,Laura_Bush
Laura_Bush_0031,Laura_Bush
Laura_Bush_0032,Laura_Bush
Laura_Bush_0041,Laura_Bush
Laura_Elena_Harring_0001,Laura_Elena_Harring
Laura_Marlow_0001,Laura_Marlow
Laura_Morante_0001,Laura_Morante
Lauren_Killian_0002,Lauren_Killian
Laurence_Fishburne_0001,Laurence_Fishburne
Laurie_Laychak_0001,Laurie_Laychak
Laurie_Pirtle_0001,Laurie_Pirtle
Lea_Fastow_0002,Lea_Fastow
Leah_Remini_0001,Leah_Remini
LeBron_James_0002,LeBron_James
LeBron_James_0003,LeBron_James
Lee_Byung-woong_0001,Lee_Byung-woong
Lee_Chang-dong_0001,Lee_Chang-dong
Lee_Nam-shin_0001,Lee_Nam-shin
Lee_Soo-hyuck_0001,Lee_Soo-hyuck
Lela_Rochon_0001,Lela_Rochon
Leland_Chapman_0001,Leland_Chapman
Lennart_Johansson_0001,Lennart_Johansson
Lennox_Lewis_0001,Lennox_Lewis
Leon_Barmore_0001,Leon_Barmore
Leon_Lai_0001,Leon_Lai
Leonardo_DiCaprio_0001,Leonardo_DiCaprio
Leonardo_DiCaprio_0002,Leonardo_DiCaprio
Leonid_Kuchma_0001,Leonid_Kuchma
Leonid_Kuchma_0002,Leonid_Kuchma
Lesley_McCulloch_0001,Lesley_McCulloch
Lesley_McCulloch_0002,Lesley_McCulloch
Leslie_Wiser_Jr_0001,Leslie_Wiser_Jr
Lester_Holt_0001,Lester_Holt
Li_Changchun_0001,Li_Changchun
Li_Ka-shing_0001,Li_Ka-shing
Li_Peng_0009,Li_Peng
Li_Ruihuan_0001,Li_Ruihuan
Liam_Neeson_0001,Liam_Neeson
Liam_Neeson_0002,Liam_Neeson
Lily_Tomlin_0001,Lily_Tomlin
Lily_Tomlin_0002,Lily_Tomlin
Linda_Amicangioli_0001,Linda_Amicangioli
Linda_Baboolal_0001,Linda_Baboolal
Lindsay_Davenport_0001,Lindsay_Davenport
Lindsay_Davenport_0002,Lindsay_Davenport
Lindsay_Davenport_0011,Lindsay_Davenport
Lindsay_Davenport_0012,Lindsay_Davenport
Lindsay_Davenport_0021,Lindsay_Davenport
Lindsay_Davenport_0022,Lindsay_Davenport
Linus_Roache_0001,Linus_Roache
Lionel_Chalmers_0001,Lionel_Chalmers
Lisa_Ling_0002,Lisa_Ling
Lisa_Marie_Presley_0001,Lisa_Marie_Presley
Liu_Mingkang_0001,Liu_Mingkang
Liu_Mingkang_0002,Liu_Mingkang
Liza_Minnelli_0006,Liza_Minnelli
Liza_Minnelli_0007,Liza_Minnelli
Lleyton_Hewitt_0006,Lleyton_Hewitt
Lleyton_Hewitt_0007,Lleyton_Hewitt
Lleyton_Hewitt_0016,Lleyton_Hewitt
Lleyton_Hewitt_0017,Lleyton_Hewitt
Lleyton_Hewitt_0026,Lleyton_Hewitt
Lleyton_Hewitt_0027,Lleyton_Hewitt
Lleyton_Hewitt_0036,Lleyton_Hewitt
Lleyton_Hewitt_0037,Lleyton_Hewitt
Lloyd_Ward_0002,Lloyd_Ward
Lois_Smart_0001,Lois_Smart
Lori_Berenson_0001,Lori_Berenson
Lorne_Michaels_0001,Lorne_Michaels
Louis_Van_Gaal_0001,Louis_Van_Gaal
Louisa_Baileche_0001,Louisa_Baileche
Luciano_Pavarotti_0003,Luciano_Pavarotti
Lucie_Lapovsky_0001,Lucie_Lapovsky
Lucio_Gutierrez_0007,Lucio_Gutierrez
Lucio_Gutierrez_0008,Lucio_Gutierrez
Lucy_Liu_0002,Lucy_Liu
Lucy_Liu_0003,Lucy_Liu
Luis_Berrondo_0001,Luis_Berrondo
Luis_Ernesto_Derbez_Bautista_0001,Luis_Ernesto_Derbez_Bautista
Luis_Figo_0004,Luis_Figo
Luis_Fonsi_0001,Luis_Fonsi
Luis_Horna_0002,Luis_Horna
Luis_Horna_0003,Luis_Horna
Luiz_Inacio_Lula_da_Silva_0001,Luiz_Inacio_Lula_da_Silva
Luiz_Inacio_Lula_da_Silva_0002,Luiz_Inacio_Lula_da_Silva
Luiz_Inacio_Lula_da_Silva_0011,Luiz_Inacio_Lula_da_Silva
Luiz_Inacio_Lula_da_Silva_0012,Luiz_Inacio_Lula_da_Silva
Luiz_Inacio_Lula_da_Silva_0021,Luiz_Inacio_Lula_da_Silva
Luiz_Inacio_Lula_da_Silva_0022,Luiz_Inacio_Lula_da_Silva
Luiz_Inacio_Lula_da_Silva_0031,Luiz_Inacio_Lula_da_Silva
Luiz_Inacio_Lula_da_Silva_0032,Luiz_Inacio_Lula_da_Silva
Luiz_Inacio_Lula_da_Silva_0041,Luiz_Inacio_Lula_da_Silva
Luiz_Inacio_Lula_da_Silva_0042,Luiz_Inacio_Lula_da_Silva
Luke_Walton_0001,Luke_Walton
Luke_Walton_0002,Luke_Walton
Lynn_Abraham_0002,Lynn_Abraham
Lynn_Redgrave_0001,Lynn_Redgrave
Mack_Brown_0001,Mack_Brown
Mack_Brown_0002,Mack_Brown
Madonna_0004,Madonna
Madonna_0005,Madonna
Magui_Serna_0001,Magui_Serna
Magui_Serna_0002,Magui_Serna
Mahathir_Mohamad_0008,Mahathir_Mohamad
Mahathir_Mohamad_0009,Mahathir_Mohamad
Mahmoud_Abbas_0001,Mahmoud_Abbas
Mahmoud_Abbas_0002,Mahmoud_Abbas
Mahmoud_Abbas_0011,Mahmoud_Abbas
Mahmoud_Abbas_0012,Mahmoud_Abbas
Mahmoud_Abbas_0021,Mahmoud_Abbas
Mahmoud_Abbas_0022,Mahmoud_Abbas
Mahmoud_Diyab_al-Ahmed_0001,Mahmoud_Diyab_al-Ahmed
Makhdoom_Amin_Fahim_0001,Makhdoom_Amin_Fahim
Malik_Mahmud_0001,Malik_Mahmud
Mamdouh_Habib_0001,Mamdouh_Habib
Manuel_Poggiali_0001,Manuel_Poggiali
Manuel_Poggiali_0002,Manuel_Poggiali
Marc_Anthony_0001,Marc_Anthony
Marc_Bulger_0001,Marc_Bulger
Marcella_Anderson_0001,Marcella_Anderson
Marcelo_Bielsa_0001,Marcelo_Bielsa
Marcelo_Salas_0001,Marcelo_Salas
Marcelo_Salas_0002,Marcelo_Salas
Marco_Archer_Cardoso_Moreira_0001,Marco_Archer_Cardoso_Moreira
Marco_Irizarry_0001,Marco_Irizarry
Margaret_Caruso_0001,Margaret_Caruso
Margaret_Hasley_0001,Margaret_Hasley
Maria_Callas_0001,Maria_Callas
Maria_Conchita_Alonso_0001,Maria_Conchita_Alonso
Maria_Shriver_0003,Maria_Shriver
Maria_Shriver_0004,Maria_Shriver
Maria_Soledad_Alvear_Valenzuela_0004,Maria_Soledad_Alvear_Valenzuela
Maria_Soledad_Alvear_Valenzuela_0005,Maria_Soledad_Alvear_Valenzuela
Mariam_Ali_Hassan_0001,Mariam_Ali_Hassan
Marian_Dolan_0001,Marian_Dolan
Marianne_Stanley_0001,Marianne_Stanley
Mariano_Zabaleta_0001,Mariano_Zabaleta
Marilyn_Monroe_0001,Marilyn_Monroe
Marilyn_Monroe_0002,Marilyn_Monroe
Mario_Cipollini_0001,Mario_Cipollini
Mario_Cipollini_0002,Mario_Cipollini
Mario_Lobo_Zagallo_0001,Mario_Lobo_Zagallo
Mario_Puzo_0001,Mario_Puzo
Marissa_Jaret_Winokur_0002,Marissa_Jaret_Winokur
Maritza_Macias_Furano_0001,Maritza_Macias_Furano
Mark_Everson_0001,Mark_Everson
Mark_Foley_0001,Mark_Foley
Mark_Hanson_0001,Mark_Hanson
Mark_Heller_0001,Mark_Heller
Mark_Komara_0001,Mark_Komara
Mark_Lazarus_0001,Mark_Lazarus
Mark_Philippoussis_0003,Mark_Philippoussis
Mark_Philippoussis_0004,Mark_Philippoussis
Mark_Polansky_0001,Mark_Polansky
Mark_Redman_0001,Mark_Redman
Mark_Shapiro_0001,Mark_Shapiro
Mark_Sisk_0001,Mark_Sisk
Markus_Beyer_0001,Markus_Beyer
Markus_Naslund_0001,Markus_Naslund
Marsha_Sharp_0001,Marsha_Sharp
Marsha_Thomason_0001,Marsha_Thomason
Martha_Burk_0004,Martha_Burk
Martha_Lucia_Ramirez_0001,Martha_Lucia_Ramirez
Martha_Stewart_0003,Martha_Stewart
Martha_Stewart_0004,Martha_Stewart
Martin_Cauchon_0001,Martin_Cauchon
Martin_Cauchon_0002,Martin_Cauchon
Martin_Lawrence_0001,Martin_Lawrence
Martin_Luther_King_III_0001,Martin_Luther_King_III
Martin_Rodriguez_0001,Martin_Rodriguez
Martin_Scorsese_0001,Martin_Scorsese
Martin_Short_0001,Martin_Short
Martin_Torrijos_0001,Martin_Torrijos
Martina_McBride_0003,Martina_McBride
Martina_McBride_0004,Martina_McBride
Mary-Kate_Olsen_0001,Mary-Kate_Olsen
Mary-Kate_Olsen_0002,Mary-Kate_Olsen
Mary_Catherine_Correll_0001,Mary_Catherine_Correll
Mary_Descenza_0001,Mary_Descenza
Mary_Lou_Markakis_0001,Mary_Lou_Markakis
Mary_Lou_Retton_0001,Mary_Lou_Retton
Mary_Tyler_Moore_0001,Mary_Tyler_Moore
Mary_Tyler_Moore_0002,Mary_Tyler_Moore
Masja_Juel_0001,Masja_Juel
Massoud_Barzani_0001,Massoud_Barzani
Matt_Braker_0001,Matt_Braker
Matt_Damon_0001,Matt_Damon
Matt_Doherty_0003,Matt_Doherty
Matt_Herden_0001,Matt_Herden
Matthew_Broderick_0003,Matthew_Broderick
Matthew_Broderick_0004,Matthew_Broderick
Matthew_Perry_0006,Matthew_Perry
Matthew_Perry_0007,Matthew_Perry
Maurice_Strong_0001,Maurice_Strong
Mauricio_Macri_0001,Mauricio_Macri
Maxim_Afinogenov_0001,Maxim_Afinogenov
Mayumi_Moriyama_0001,Mayumi_Moriyama
Megawati_Sukarnoputri_0002,Megawati_Sukarnoputri
Megawati_Sukarnoputri_0003,Megawati_Sukarnoputri
Megawati_Sukarnoputri_0012,Megawati_Sukarnoputri
Megawati_Sukarnoputri_0013,Megawati_Sukarnoputri
Megawati_Sukarnoputri_0022,Megawati_Sukarnoputri
Megawati_Sukarnoputri_0023,Megawati_Sukarnoputri
Megawati_Sukarnoputri_0032,Megawati_Sukarnoputri
Megawati_Sukarnoputri_0033,Megawati_Sukarnoputri
Mel_Brooks_0002,Mel_Brooks
Mel_Gibson_0001,Mel_Gibson
Melina_Kanakaredes_0001,Melina_Kanakaredes
Melinda_Czink_0001,Melinda_Czink
Mercedes_Amor_0001,Mercedes_Amor
Meryl_Streep_0001,Meryl_Streep
Meryl_Streep_0010,Meryl_Streep
Meryl_Streep_0011,Meryl_Streep
Mian_Khursheed_Mehmood_Kasuri_0002,Mian_Khursheed_Mehmood_Kasuri
Mian_Khursheed_Mehmood_Kasuri_0003,Mian_Khursheed_Mehmood_Kasuri
Michael_Bloomberg_0001,Michael_Bloomberg
Michael_Bloomberg_0002,Michael_Bloomberg
Michael_Bloomberg_0011,Michael_Bloomberg
Michael_Bloomberg_0012,Michael_Bloomberg
Michael_Bolton_0001,Michael_Bolton
Michael_Bouchard_0001,Michael_Bouchard
Michael_Capellas_0002,Michael_Capellas
Michael_Chang_0001,Michael_Chang
Michael_Chiklis_0001,Michael_Chiklis
Michael_Chiklis_0002,Michael_Chiklis
Michael_Diekmann_0001,Michael_Diekmann
Michael_Doleac_0001,Michael_Doleac
Michael_Frayn_0001,Michael_Frayn
Michael_Friedman_0001,Michael_Friedman
Michael_Jackson_0001,Michael_Jackson
Michael_Jackson_0002,Michael_Jackson
Michael_Jackson_0011,Michael_Jackson
Michael_Jackson_0012,Michael_Jackson
Michael_Killeen_0001,Michael_Killeen
Michael_Kirby_0001,Michael_Kirby
Michael_McNeely_0001,Michael_McNeely
Michael_Michele_0001,Michael_Michele
Michael_Peat_0001,Michael_Peat
Michael_Pfleger_0001,Michael_Pfleger
Michael_Powell_0003,Michael_Powell
Michael_Powell_0004,Michael_Powell
Michael_Schumacher_0006,Michael_Schumacher
Michael_Schumacher_0007,Michael_Schumacher
Michael_Schumacher_0016,Michael_Schumacher
Michael_Schumacher_0017,Michael_Schumacher
Michael_Taylor_0001,Michael_Taylor
Michael_Wayne_0001,Michael_Wayne
Michel_Duclos_0002,Michel_Duclos
Michel_Kratochvil_0001,Michel_Kratochvil
Michelle_Branch_0001,Michelle_Branch
Michelle_Branch_0002,Michelle_Branch
Michelle_Kwan_0005,Michelle_Kwan
Michelle_Kwan_0006,Michelle_Kwan
Michelle_Yeoh_0001,Michelle_Yeoh
Michelle_Yeoh_0002,Michelle_Yeoh
Mick_McCarthy_0001,Mick_McCarthy
Mickey_Gilley_0001,Mickey_Gilley
Miguel_Contreras_0002,Miguel_Contreras
Miguel_Cotto_0001,Miguel_Cotto
Mike_Babcock_0001,Mike_Babcock
Mike_Babcock_0002,Mike_Babcock
Mike_Easley_0001,Mike_Easley
Mike_Eskew_0001,Mike_Eskew
Mike_Johanns_0001,Mike_Johanns
Mike_Krzyzewski_0001,Mike_Krzyzewski
Mike_Martz_0002,Mike_Martz
Mike_Martz_0003,Mike_Martz
Mike_Montgomery_0001,Mike_Montgomery
Mike_Montgomery_0002,Mike_Montgomery
Mike_Price_0001,Mike_Price
Mike_Price_0002,Mike_Price
Mike_Sweeney_0001,Mike_Sweeney
Mike_Szymanczyk_0001,Mike_Szymanczyk
Mike_Weir_0002,Mike_Weir
Mike_Weir_0003,Mike_Weir
Mikhail_Gorbachev_0001,Mikhail_Gorbachev
Mikhail_Gorbachev_0002,Mikhail_Gorbachev
Mikhail_Wehbe_0002,Mikhail_Wehbe
Mikhail_Wehbe_0003,Mikhail_Wehbe
Mile_Mrksic_0001,Mile_Mrksic
Miles_Stewart_0001,Miles_Stewart
Milt_Palacio_0001,Milt_Palacio
Milton_Berle_0001,Milton_Berle
Mirela_Manjani_0001,Mirela_Manjani
Mireya_Elisa_Moscoso_Rodriguez_0001,Mireya_Elisa_Moscoso_Rodriguez
Misty_Dawn_Clymer_0001,Misty_Dawn_Clymer
Mitar_Rasevic_0001,Mitar_Rasevic
Mitchell_Potter_0001,Mitchell_Potter
Mitchell_Swartz_0001,Mitchell_Swartz
Mo_Elleithee_0001,Mo_Elleithee
Moby_0001,Moby
Mohamed_ElBaradei_0007,Mohamed_ElBaradei
Mohamed_ElBaradei_0008,Mohamed_ElBaradei
Mohammad_Khatami_0003,Mohammad_Khatami
Mohammad_Khatami_0004,Mohammad_Khatami
Mohammed_Abu_Sharia_0001,Mohammed_Abu_Sharia
Mohammed_Abulhasan_0001,Mohammed_Abulhasan
Mohammed_Al-Douri_0009,Mohammed_Al-Douri
Mohammed_Al-Douri_0010,Mohammed_Al-Douri
Mohammed_Baqir_al-Hakim_0002,Mohammed_Baqir_al-Hakim
Mohammed_Baqir_al-Hakim_0003,Mohammed_Baqir_al-Hakim
Mona_Rishmawi_0001,Mona_Rishmawi
Monica_Bellucci_0001,Monica_Bellucci
Monica_Seles_0002,Monica_Seles
Monica_Seles_0003,Monica_Seles
Monique_Garbrecht-Enfeldt_0002,Monique_Garbrecht-Enfeldt
Monique_Garbrecht-Enfeldt_0003,Monique_Garbrecht-Enfeldt
Moshe_Katsav_0001,Moshe_Katsav
Moshe_Katsav_0002,Moshe_Katsav
Mufti_Mohammad_Syed_0001,Mufti_Mohammad_Syed
Muhammad_Ali_0001,Muhammad_Ali
Muhammad_Ali_0010,Muhammad_Ali
Muhammad_Ibrahim_Bilal_0001,Muhammad_Ibrahim_Bilal
Mukhtar_Alytnbayev_0001,Mukhtar_Alytnbayev
Munir_Akram_0001,Munir_Akram
Nadia_Petrova_0001,Nadia_Petrova
Nadia_Petrova_0002,Nadia_Petrova
Naji_Sabri_0004,Naji_Sabri
Naji_Sabri_0005,Naji_Sabri
Nan_Wang_0004,Nan_Wang
Nancy_Demme_0001,Nancy_Demme
Nancy_Pelosi_0005,Nancy_Pelosi
Nancy_Pelosi_0006,Nancy_Pelosi
Nancy_Pelosi_0015,Nancy_Pelosi
Nancy_Powell_0001,Nancy_Powell
Naomi_Campbell_0001,Naomi_Campbell
Naomi_Campbell_0002,Naomi_Campbell
Naomi_Watts_0008,Naomi_Watts
Naomi_Watts_0009,Naomi_Watts
Naomi_Watts_0018,Naomi_Watts
Naomi_Watts_0019,Naomi_Watts
Narendra_Modi_0001,Narendra_Modi
Nasser_al-Kidwa_0001,Nasser_al-Kidwa
Natalie_Cole_0001,Natalie_Cole
Natalie_Cole_0002,Natalie_Cole
Natalie_Juniardi_0001,Natalie_Juniardi
Natalie_Maines_0001,Natalie_Maines
Natasa_Micic_0001,Natasa_Micic
Natasha_Henstridge_0001,Natasha_Henstridge
Nathalie_Baye_0001,Nathalie_Baye
Nathalie_Baye_0002,Nathalie_Baye
Nathan_Smith_0001,Nathan_Smith
Nathirah_Hussein_0001,Nathirah_Hussein
Nelson_Mandela_0003,Nelson_Mandela
Nelson_Mandela_0004,Nelson_Mandela
Nestor_Kirchner_0005,Nestor_Kirchner
Nestor_Kirchner_0006,Nestor_Kirchner
Nestor_Kirchner_0015,Nestor_Kirchner
Nestor_Kirchner_0016,Nestor_Kirchner
Nestor_Kirchner_0025,Nestor_Kirchner
Nestor_Kirchner_0026,Nestor_Kirchner
Nestor_Kirchner_0035,Nestor_Kirchner
Nestor_Kirchner_0036,Nestor_Kirchner
Nia_Vardalos_0005,Nia_Vardalos
Niall_Connolly_0001,Niall_Connolly
Nicanor_Duarte_Frutos_0009,Nicanor_Duarte_Frutos
Nicanor_Duarte_Frutos_0010,Nicanor_Duarte_Frutos
Nick_Nolte_0001,Nick_Nolte
Nick_Nolte_0002,Nick_Nolte
Nicklas_Lidstrom_0001,Nicklas_Lidstrom
Nicola_Bono_0001,Nicola_Bono
Nicolas_Kiefer_0001,Nicolas_Kiefer
Nicolas_Lapentti_0001,Nicolas_Lapentti
Nicole_Kidman_0002,Nicole_Kidman
Nicole_Kidman_0003,Nicole_Kidman
Nicole_Kidman_0012,Nicole_Kidman
Nicole_Kidman_0013,Nicole_Kidman
Nida_Blanca_0001,Nida_Blanca
Nigel_Redden_0001,Nigel_Redden
Nina_Pecari_0001,Nina_Pecari
Nino_DAngelo_0001,Nino_DAngelo
Noelle_Bush_0002,Noelle_Bush
Noelle_Bush_0003,Noelle_Bush
Nora_Ephron_0001,Nora_Ephron
Norah_Jones_0001,Norah_Jones
Norah_Jones_0010,Norah_Jones
Norah_Jones_0011,Norah_Jones
Norm_Coleman_0003,Norm_Coleman
Norm_Coleman_0004,Norm_Coleman
Normand_Legault_0001,Normand_Legault
Norodom_Chakrapong_0001,Norodom_Chakrapong
Octavio_Lara_0001,Octavio_Lara
Odai_Hussein_0001,Odai_Hussein
Olesya_Bonabarenko_0002,Olesya_Bonabarenko
Oliver_Neuville_0001,Oliver_Neuville
Omar_el-Heib_0001,Omar_el-Heib
Omar_Khan_Sharif_0001,Omar_Khan_Sharif
Oprah_Winfrey_0003,Oprah_Winfrey
Oprah_Winfrey_0004,Oprah_Winfrey
Osama_bin_Laden_0001,Osama_bin_Laden
Osama_bin_Laden_0002,Osama_bin_Laden
Oscar_De_La_Hoya_0006,Oscar_De_La_Hoya
Oscar_De_La_Hoya_0007,Oscar_De_La_Hoya
Oswaldo_Paya_0002,Oswaldo_Paya
Oswaldo_Paya_0003,Oswaldo_Paya
Oxana_Fedorova_0002,Oxana_Fedorova
Oxana_Fedorova_0003,Oxana_Fedorova
Paddy_Long_0001,Paddy_Long
Paddy_Torsney_0001,Paddy_Torsney
Pamela_Anderson_0002,Pamela_Anderson
Pamela_Anderson_0003,Pamela_Anderson
Paradorn_Srichaphan_0005,Paradorn_Srichaphan
Paradorn_Srichaphan_0006,Paradorn_Srichaphan
Park_Na-kyong_0001,Park_Na-kyong
Parris_Glendening_0001,Parris_Glendening
Pascal_Rheaume_0001,Pascal_Rheaume
Pat_Burns_0001,Pat_Burns
Pat_Wharton_0001,Pat_Wharton
Patrice_Chereau_0001,Patrice_Chereau
Patricia_Heaton_0002,Patricia_Heaton
Patricia_Johnson_0001,Patricia_Johnson
Patrick_Eaves_0001,Patrick_Eaves
Patrick_Ewing_0001,Patrick_Ewing
Patrick_Roy_0002,Patrick_Roy
Patrick_Stewart_0001,Patrick_Stewart
Patti_Labelle_0003,Patti_Labelle
Patti_Lank_0001,Patti_Lank
Paul-Henri_Mathieu_0002,Paul-Henri_Mathieu
Paul-Henri_Mathieu_0003,Paul-Henri_Mathieu
Paul_Bremer_0007,Paul_Bremer
Paul_Bremer_0008,Paul_Bremer
Paul_Bremer_0017,Paul_Bremer
Paul_Bremer_0018,Paul_Bremer
Paul_Burrell_0007,Paul_Burrell
Paul_Burrell_0008,Paul_Burrell
Paul_Coppin_0001,Paul_Coppin
Paul_Coppin_0002,Paul_Coppin
Paul_Greengrass_0001,Paul_Greengrass
Paul_Henderson_0001,Paul_Henderson
Paul_LeClerc_0001,Paul_LeClerc
Paul_Li_Calsi_0001,Paul_Li_Calsi
Paul_Martin_0006,Paul_Martin
Paul_Martin_0007,Paul_Martin
Paul_McNulty_0001,Paul_McNulty
Paul_McNulty_0002,Paul_McNulty
Paul_ONeill_0006,Paul_ONeill
Paul_ONeill_0007,Paul_ONeill
Paul_Sarbanes_0001,Paul_Sarbanes
Paul_Sarbanes_0002,Paul_Sarbanes
Paul_Tagliabue_0004,Paul_Tagliabue
Paul_Tracy_0001,Paul_Tracy
Paul_Wilson_0001,Paul_Wilson
Paul_Wolfowitz_0001,Paul_Wolfowitz
Paul_Wolfowitz_0010,Paul_Wolfowitz
Paul_Wollnough_0001,Paul_Wollnough
Paula_Radcliffe_0005,Paula_Radcliffe
Paula_Radcliffe_0006,Paula_Radcliffe
Paulo_Cesar_Pinheiro_0002,Paulo_Cesar_Pinheiro
Pedro_Almodovar_0001,Pedro_Almodovar
Pedro_Mahecha_0001,Pedro_Mahecha
Pedro_Malan_0001,Pedro_Malan
Pedro_Solbes_0003,Pedro_Solbes
Pedro_Solbes_0004,Pedro_Solbes
Penelope_Taylor_0001,Penelope_Taylor
Penny_Dupuie_0001,Penny_Dupuie
Pervez_Musharraf_0001,Pervez_Musharraf
Pervez_Musharraf_0002,Pervez_Musharraf
Pervez_Musharraf_0011,Pervez_Musharraf
Pervez_Musharraf_0012,Pervez_Musharraf
Pete_Carroll_0001,Pete_Carroll
Pete_Carroll_0002,Pete_Carroll
Pete_Sampras_0005,Pete_Sampras
Pete_Sampras_0006,Pete_Sampras
Pete_Sampras_0015,Pete_Sampras
Pete_Sampras_0016,Pete_Sampras
Peter_Arnett_0001,Peter_Arnett
Peter_Arnett_0002,Peter_Arnett
Peter_Costello_0002,Peter_Costello
Peter_Fisher_0001,Peter_Fisher
Peter_Harrison_0001,Peter_Harrison
Peter_Harrison_0002,Peter_Harrison
Peter_Mackay_0001,Peter_Mackay
Peter_Mansbridge_0001,Peter_Mansbridge
Peter_Sejna_0001,Peter_Sejna
Peter_Shaw_0001,Peter_Shaw
Petria_Thomas_0003,Petria_Thomas
Petro_Symonenko_0001,Petro_Symonenko
Phil_Bredesen_0001,Phil_Bredesen
Phil_Cline_0001,Phil_Cline
Phil_Mickelson_0002,Phil_Mickelson
Phil_Morris_0001,Phil_Morris
Phillip_Fulmer_0001,Phillip_Fulmer
Phillip_Seymor_Hoffmann_0001,Phillip_Seymor_Hoffmann
Pierce_Brosnan_0004,Pierce_Brosnan
Pierce_Brosnan_0005,Pierce_Brosnan
Pierce_Brosnan_0014,Pierce_Brosnan
Pierce_Brosnan_0015,Pierce_Brosnan
Pierre_Van_Hooijdonk_0001,Pierre_Van_Hooijdonk
Piers_Sellers_0001,Piers_Sellers
Platon_Lebedev_0001,Platon_Lebedev
Poala_Suarez_0001,Poala_Suarez
Prince_Charles_0004,Prince_Charles
Prince_Charles_0005,Prince_Charles
Prince_Harry_0002,Prince_Harry
Prince_Harry_0003,Prince_Harry
Prince_William_0001,Prince_William
Prince_William_0002,Prince_William
Princess_Caroline_0005,Princess_Caroline
Princess_Diana_0001,Princess_Diana
Pringe_Ernst_August_0001,Pringe_Ernst_August
Priscilla_Owen_0001,Priscilla_Owen
Pupi_Avati_0004,Pupi_Avati
Pyar_Jung_Thapa_0001,Pyar_Jung_Thapa
Queen_Elizabeth_II_0001,Queen_Elizabeth_II
Queen_Elizabeth_II_0002,Queen_Elizabeth_II
Queen_Elizabeth_II_0011,Queen_Elizabeth_II
Queen_Elizabeth_II_0012,Queen_Elizabeth_II
Queen_Rania_0003,Queen_Rania
Queen_Rania_0004,Queen_Rania
Rachel_Corrie_0001,Rachel_Corrie
Rachel_Griffiths_0001,Rachel_Griffiths
Rachel_Roy_0001,Rachel_Roy
Rachel_Wadsworth_0001,Rachel_Wadsworth
Rafael_Vinoly_0001,Rafael_Vinoly
Rafeeuddin_Ahmed_0001,Rafeeuddin_Ahmed
Rainer_Schuettler_0002,Rainer_Schuettler
Rainer_Schuettler_0003,Rainer_Schuettler
Ralf_Schumacher_0003,Ralf_Schumacher
Ralf_Schumacher_0004,Ralf_Schumacher
Ralph_Goodale_0001,Ralph_Goodale
Ralph_Klein_0001,Ralph_Klein
Ramon_Ponce_de_Leon_0001,Ramon_Ponce_de_Leon
Ramon_Santana_0001,Ramon_Santana
Randy_Jackson_0001,Randy_Jackson
Randy_Johnson_0001,Randy_Johnson
Raoul_Ruiz_0004,Raoul_Ruiz
Raquel_Welch_0001,Raquel_Welch
Raul_Mondesi_0001,Raul_Mondesi
Raul_Rivero_0001,Raul_Rivero
Ray_Liotta_0001,Ray_Liotta
Ray_Lucas_0001,Ray_Lucas
Ray_Romano_0005,Ray_Romano
Ray_Romano_0006,Ray_Romano
Raymond_Odierno_0002,Raymond_Odierno
Raza_Rabbani_0001,Raza_Rabbani
Rebekah_Chantay_Revels_0004,Rebekah_Chantay_Revels
Recep_Tayyip_Erdogan_0001,Recep_Tayyip_Erdogan
Recep_Tayyip_Erdogan_0010,Recep_Tayyip_Erdogan
Recep_Tayyip_Erdogan_0011,Recep_Tayyip_Erdogan
Recep_Tayyip_Erdogan_0020,Recep_Tayyip_Erdogan
Recep_Tayyip_Erdogan_0021,Recep_Tayyip_Erdogan
Recep_Tayyip_Erdogan_0030,Recep_Tayyip_Erdogan
Red_Auerbach_0001,Red_Auerbach
Regina_Ip_0001,Regina_Ip
Reginald_Hudlin_0001,Reginald_Hudlin
Renee_Zellweger_0002,Renee_Zellweger
Renee_Zellweger_0003,Renee_Zellweger
Renee_Zellweger_0012,Renee_Zellweger
Renee_Zellweger_0013,Renee_Zellweger
Rhina_Villatoro_0001,Rhina_Villatoro
Ricardo_Lagos_0001,Ricardo_Lagos
Ricardo_Lagos_0010,Ricardo_Lagos
Ricardo_Lagos_0011,Ricardo_Lagos
Ricardo_Lagos_0020,Ricardo_Lagos
Ricardo_Lagos_0021,Ricardo_Lagos
Ricardo_Maduro_0001,Ricardo_Maduro
Ricardo_Maduro_0002,Ricardo_Maduro
Ricardo_Sanchez_0006,Ricardo_Sanchez
Riccardo_Muti_0001,Riccardo_Muti
Richard_Armitage_0006,Richard_Armitage
Richard_Armitage_0007,Richard_Armitage
Richard_Chamberlain_0001,Richard_Chamberlain
Richard_Cohen_0001,Richard_Cohen
Richard_Gephardt_0004,Richard_Gephardt
Richard_Gephardt_0005,Richard_Gephardt
Richard_Gere_0003,Richard_Gere
Richard_Gere_0004,Richard_Gere
Richard_Haass_0002,Richard_Haass
Richard_Hamilton_0001,Richard_Hamilton
Richard_Lennon_0001,Richard_Lennon
Richard_Levin_0001,Richard_Levin
Richard_Myers_0008,Richard_Myers
Richard_Myers_0009,Richard_Myers
Richard_Myers_0018,Richard_Myers
Richard_Naughton_0001,Richard_Naughton
Richard_Regenhard_0001,Richard_Regenhard
Richard_Reid_0001,Richard_Reid
Richard_Virenque_0002,Richard_Virenque
Richard_Virenque_0003,Richard_Virenque
Rick_Barnes_0001,Rick_Barnes
Rick_Barnes_0002,Rick_Barnes
Rick_Dinse_0001,Rick_Dinse
Rick_Dinse_0002,Rick_Dinse
Rick_Perry_0006,Rick_Perry
Rick_Pitino_0001,Rick_Pitino
Rick_Santorum_0001,Rick_Santorum
Rick_Santorum_0002,Rick_Santorum
Ricky_Cottrill_0001,Ricky_Cottrill
Ricky_Martin_0001,Ricky_Martin
Rina_Lazo_0001,Rina_Lazo
Ringo_Starr_0001,Ringo_Starr
Rita_Wilson_0002,Rita_Wilson
Rita_Wilson_0003,Rita_Wilson
Rob_Marshall_0004,Rob_Marshall
Rob_Marshall_0005,Rob_Marshall
Robbie_Fowler_0001,Robbie_Fowler
Robbie_Fowler_0002,Robbie_Fowler
Robert_Beck_0001,Robert_Beck
Robert_Blackwill_0001,Robert_Blackwill
Robert_Blake_0008,Robert_Blake
Robert_Bonner_0001,Robert_Bonner
Robert_De_Niro_0005,Robert_De_Niro
Robert_De_Niro_0006,Robert_De_Niro
Robert_Duvall_0004,Robert_Duvall
Robert_Duvall_0005,Robert_Duvall
Robert_F_Kennedy_Jr_0001,Robert_F_Kennedy_Jr
Robert_Fico_0001,Robert_Fico
Robert_Kipkoech_Cheruiyot_0001,Robert_Kipkoech_Cheruiyot
Robert_Kocharian_0001,Robert_Kocharian
Robert_McKee_0001,Robert_McKee
Robert_Morvillo_0001,Robert_Morvillo
Robert_Nillson_0001,Robert_Nillson
Robert_Pollack_0001,Robert_Pollack
Robert_Schuller_0001,Robert_Schuller
Robert_Stack_0001,Robert_Stack
Robert_Weitzel_0001,Robert_Weitzel
Robert_Wiener_0001,Robert_Wiener
Robert_Zoellick_0006,Robert_Zoellick
Robert_Zoellick_0007,Robert_Zoellick
Roberto_Carlos_0004,Roberto_Carlos
Roberto_Cavalli_0001,Roberto_Cavalli
Roberto_Tovar_0001,Roberto_Tovar
Robin_Cook_0001,Robin_Cook
Robin_Wright_Penn_0001,Robin_Wright_Penn
Robinson_Stevenin_0001,Robinson_Stevenin
Rod_Stewart_0002,Rod_Stewart
Rod_Stewart_0003,Rod_Stewart
Roel_Campos_0001,Roel_Campos
Rogelio_Montemayor_0001,Rogelio_Montemayor
Roger_Federer_0002,Roger_Federer
Roger_Federer_0003,Roger_Federer
Roger_Federer_0012,Roger_Federer
Roger_Federer_0013,Roger_Federer
Roger_Moore_0003,Roger_Moore
Roger_Moore_0004,Roger_Moore
Roh_Moo-hyun_0001,Roh_Moo-hyun
Roh_Moo-hyun_0002,Roh_Moo-hyun
Roh_Moo-hyun_0011,Roh_Moo-hyun
Roh_Moo-hyun_0012,Roh_Moo-hyun
Roh_Moo-hyun_0021,Roh_Moo-hyun
Roh_Moo-hyun_0022,Roh_Moo-hyun
Roh_Moo-hyun_0031,Roh_Moo-hyun
Roh_Moo-hyun_0032,Roh_Moo-hyun
Rollie_Massimino_0001,Rollie_Massimino
Romain_Duris_0001,Romain_Duris
Roman_Tam_0001,Roman_Tam
Romano_Prodi_0001,Romano_Prodi
Ron_Dittemore_0001,Ron_Dittemore
Ron_Dittemore_0002,Ron_Dittemore
Ron_Howard_0002,Ron_Howard
Ron_Kirk_0001,Ron_Kirk
Ronald_Post_0001,Ronald_Post
Ronald_Reagan_0001,Ronald_Reagan
Ronde_Barber_0001,Ronde_Barber
Ronnie_Jagday_0001,Ronnie_Jagday
Roseanne_Barr_0002,Roseanne_Barr
Roseanne_Barr_0003,Roseanne_Barr
Roy_Halladay_0001,Roy_Halladay
Roy_Jones_Jr_0001,Roy_Jones_Jr
Roy_Romanow_0001,Roy_Romanow
Roy_Williams_0001,Roy_Williams
Rubens_Barrichello_0001,Rubens_Barrichello
Rubens_Barrichello_0002,Rubens_Barrichello
Rubens_Barrichello_0011,Rubens_Barrichello
Rubens_Barrichello_0012,Rubens_Barrichello
Rudolph_Giuliani_0007,Rudolph_Giuliani
Rudolph_Giuliani_0008,Rudolph_Giuliani
Rudolph_Giuliani_0017,Rudolph_Giuliani
Rudolph_Giuliani_0018,Rudolph_Giuliani
Rudolph_Holton_0001,Rudolph_Holton
Rudy_Tomjanovich_0001,Rudy_Tomjanovich
Russell_Coutts_0002,Russell_Coutts
Russell_Crowe_0001,Russell_Crowe
Ruth_Christofferson_0001,Ruth_Christofferson
Ruth_Dreifuss_0001,Ruth_Dreifuss
Ryan_Newman_0001,Ryan_Newman
Ryan_Nyquist_0001,Ryan_Nyquist
Sachiko_Yamada_0003,Sachiko_Yamada
Sachiko_Yamada_0004,Sachiko_Yamada
Saddam_Hussein_0006,Saddam_Hussein
Saddam_Hussein_0007,Saddam_Hussein
Saddam_Hussein_0016,Saddam_Hussein
Saddam_Hussein_0017,Saddam_Hussein
Sadie_Frost_0003,Sadie_Frost
Saeb_Erekat_0001,Saeb_Erekat
Sally_Field_0003,Sally_Field
Sally_Field_0004,Sally_Field
Salma_Hayek_0003,Salma_Hayek
Salma_Hayek_0004,Salma_Hayek
Salma_Hayek_0013,Salma_Hayek
Salman_Khan_0001,Salman_Khan
Sam_Mendes_0001,Sam_Mendes
Sam_Mendes_0002,Sam_Mendes
Samira_Makhmalbaf_0001,Samira_Makhmalbaf
Samira_Makhmalbaf_0002,Samira_Makhmalbaf
Sananda_Maitreya_0001,Sananda_Maitreya
Sandra_Banning_0001,Sandra_Banning
Sandy_Smith_0001,Sandy_Smith
Sandy_Wise_0001,Sandy_Wise
Sara_Silverman_0001,Sara_Silverman
Sarah_Canale_0001,Sarah_Canale
Sarah_Jessica_Parker_0003,Sarah_Jessica_Parker
Sarah_Jessica_Parker_0004,Sarah_Jessica_Parker
Sargis_Sargsian_0001,Sargis_Sargsian
Sasha_Alexander_0001,Sasha_Alexander
Scott_Hoch_0001,Scott_Hoch
Scott_Hubbard_0001,Scott_Hubbard
Scott_Peterson_0001,Scott_Peterson
Scott_Peterson_0002,Scott_Peterson
Scott_Sullivan_0001,Scott_Sullivan
Scott_Sullivan_0002,Scott_Sullivan
Sean_Astin_0001,Sean_Astin
Sean_Astin_0002,Sean_Astin
Sean_OKeefe_0005,Sean_OKeefe
Sean_Patrick_OMalley_0001,Sean_Patrick_OMalley
Sebastian_Porto_0001,Sebastian_Porto
Sebastian_Saja_0001,Sebastian_Saja
Sepp_Blatter_0001,Sepp_Blatter
Sepp_Blatter_0002,Sepp_Blatter
Serena_Williams_0006,Serena_Williams
Serena_Williams_0007,Serena_Williams
Serena_Williams_0016,Serena_Williams
Serena_Williams_0017,Serena_Williams
Serena_Williams_0026,Serena_Williams
Serena_Williams_0027,Serena_Williams
Serena_Williams_0036,Serena_Williams
Serena_Williams_0037,Serena_Williams
Serena_Williams_0046,Serena_Williams
Serena_Williams_0047,Serena_Williams
Serge_Tchuruk_0001,Serge_Tchuruk
Sergei_Alexandrovitch_Ordzhonikidze_0001,Sergei_Alexandrovitch_Ordzhonikidze
Sergey_Lavrov_0002,Sergey_Lavrov
Sergey_Lavrov_0003,Sergey_Lavrov
Sergio_Castellitto_0001,Sergio_Castellitto
Sergio_Garcia_0001,Sergio_Garcia
Sergio_Vieira_De_Mello_0008,Sergio_Vieira_De_Mello
Sergio_Vieira_De_Mello_0009,Sergio_Vieira_De_Mello
Shamai_Leibowitz_0001,Shamai_Leibowitz
Shane_Hmiel_0001,Shane_Hmiel
Shanna_Zolman_0001,Shanna_Zolman
Shannon_OBrien_0001,Shannon_OBrien
Sharon_Osbourne_0002,Sharon_Osbourne
Sharon_Osbourne_0003,Sharon_Osbourne
Shaul_Mofaz_0001,Shaul_Mofaz
Shaul_Mofaz_0002,Shaul_Mofaz
Sheila_Copps_0001,Sheila_Copps
Sheila_Copps_0002,Sheila_Copps
Sherri_Coale_0001,Sherri_Coale
Sherry_Fisher_0001,Sherry_Fisher
Sheryl_Crow_0008,Sheryl_Crow
Shi_Guangsheng_0001,Shi_Guangsheng
Shimon_Peres_0005,Shimon_Peres
Shimon_Peres_0006,Shimon_Peres
Shobha_De_0001,Shobha_De
Shoshana_Johnson_0001,Shoshana_Johnson
Sila_Calderon_0004,Sila_Calderon
Silvan_Shalom_0001,Silvan_Shalom
Silvie_Cabero_0001,Silvie_Cabero
Silvio_Berlusconi_0001,Silvio_Berlusconi
Silvio_Berlusconi_0010,Silvio_Berlusconi
Silvio_Berlusconi_0011,Silvio_Berlusconi
Silvio_Berlusconi_0020,Silvio_Berlusconi
Silvio_Berlusconi_0021,Silvio_Berlusconi
Silvio_Berlusconi_0030,Silvio_Berlusconi
Silvio_Berlusconi_0031,Silvio_Berlusconi
Simon_Larose_0001,Simon_Larose
Simon_Yam_0001,Simon_Yam
Slobodan_Milosevic_0004,Slobodan_Milosevic
Soenarno_0001,Soenarno
Sonia_Gandhi_0004,Sonia_Gandhi
Sonia_Lopez_0001,Sonia_Lopez
Sophia_Loren_0006,Sophia_Loren
Sophia_Loren_0007,Sophia_Loren
Spencer_Abraham_0003,Spencer_Abraham
Spencer_Abraham_0004,Spencer_Abraham
Spencer_Abraham_0013,Spencer_Abraham
Spencer_Abraham_0014,Spencer_Abraham
Stacey_Yamaguchi_0001,Stacey_Yamaguchi
Stacy_Dragila_0001,Stacy_Dragila
Stanley_McChrystal_0001,Stanley_McChrystal
Stanley_McChrystal_0002,Stanley_McChrystal
Stefanie_De_Roux_0001,Stefanie_De_Roux
Stefano_Accorsi_0001,Stefano_Accorsi
Steffi_Graf_0005,Steffi_Graf
Stella_Keitel_0001,Stella_Keitel
Stephane_Rochon_0001,Stephane_Rochon
Stephane_Rousseau_0001,Stephane_Rousseau
Stephen_Crampton_0001,Stephen_Crampton
Stephen_Daldry_0001,Stephen_Daldry
Stephen_Keener_0001,Stephen_Keener
Stephen_Oake_0001,Stephen_Oake
Steve_Allan_0001,Steve_Allan
Steve_Allee_0001,Steve_Allee
Steve_Blankenship_0001,Steve_Blankenship
Steve_Case_0001,Steve_Case
Steve_Lavin_0001,Steve_Lavin
Steve_Lavin_0002,Steve_Lavin
Steve_McManaman_0001,Steve_McManaman
Steve_Nash_0001,Steve_Nash
Steve_Patterson_0001,Steve_Patterson
Steve_Peace_0001,Steve_Peace
Steve_Wariner_0001,Steve_Wariner
Steve_Waugh_0001,Steve_Waugh
Steven_Kinlock_0001,Steven_Kinlock
Steven_Seagal_0001,Steven_Seagal
Steven_Tyler_0001,Steven_Tyler
Steven_Van_Zandt_0001,Steven_Van_Zandt
Stuart_Townsend_0001,Stuart_Townsend
Stuart_Whitman_0001,Stuart_Whitman
Suk_Chung_Hong_0001,Suk_Chung_Hong
Sultan_Qaboos_0001,Sultan_Qaboos
Susan_Collins_0002,Susan_Collins
Susan_Sarandon_0001,Susan_Sarandon
Susie_Castillo_0001,Susie_Castillo
Susie_Castillo_0002,Susie_Castillo
Suzanne_Mubarak_0001,Suzanne_Mubarak
Suzanne_Somers_0001,Suzanne_Somers
Svetlana_Koroleva_0001,Svetlana_Koroleva
Svetlana_Koroleva_0002,Svetlana_Koroleva
Sylvester_Stallone_0005,Sylvester_Stallone
Sylvester_Stallone_0006,Sylvester_Stallone
Tab_Baldwin_0001,Tab_Baldwin
Tab_Turner_0001,Tab_Turner
Taha_Yassin_Ramadan_0008,Taha_Yassin_Ramadan
Taha_Yassin_Ramadan_0009,Taha_Yassin_Ramadan
Takaloo_0001,Takaloo
Takashi_Sorimachi_0001,Takashi_Sorimachi
Talal_Keenaan_0001,Talal_Keenaan
Tali_Imani_0001,Tali_Imani
Tammy_Lynn_Michaels_0001,Tammy_Lynn_Michaels
Tammy_Lynn_Michaels_0002,Tammy_Lynn_Michaels
Tang_Jiaxuan_0009,Tang_Jiaxuan
Tang_Jiaxuan_0010,Tang_Jiaxuan
Tara_VanDerveer_0001,Tara_VanDerveer
Tariq_Aziz_0001,Tariq_Aziz
Tatiana_Gratcheva_0001,Tatiana_Gratcheva
Tatiana_Kennedy_Schlossberg_0001,Tatiana_Kennedy_Schlossberg
Taufik_Hidayat_0003,Taufik_Hidayat
Taufik_Kiemas_0001,Taufik_Kiemas
Ted_Maher_0002,Ted_Maher
Ted_Nolan_0001,Ted_Nolan
Teresa_Worbis_0001,Teresa_Worbis
Teri_Files_0001,Teri_Files
Terri_Clark_0001,Terri_Clark
Terry_Bradshaw_0001,Terry_Bradshaw
Terry_Stotts_0002,Terry_Stotts
Teruaki_Masumoto_0001,Teruaki_Masumoto
Thad_Matta_0001,Thad_Matta
Thaksin_Shinawatra_0001,Thaksin_Shinawatra
Theo_Epstein_0001,Theo_Epstein
Theo_Epstein_0002,Theo_Epstein
Thierry_Falise_0002,Thierry_Falise
Thierry_Falise_0003,Thierry_Falise
Thomas_Enqvist_0001,Thomas_Enqvist
Thomas_Fargo_0001,Thomas_Fargo
Thomas_Klestil_0001,Thomas_Klestil
Thomas_Malchow_0001,Thomas_Malchow
Thomas_OBrien_0006,Thomas_OBrien
Thomas_OBrien_0007,Thomas_OBrien
Thomas_Van_Essen_0001,Thomas_Van_Essen
Thomas_Watjen_0001,Thomas_Watjen
Tian_Zhuang_Zhuang_0001,Tian_Zhuang_Zhuang
Tiffany_Limos_0001,Tiffany_Limos
Tiger_Woods_0009,Tiger_Woods
Tiger_Woods_0010,Tiger_Woods
Tiger_Woods_0019,Tiger_Woods
Tiger_Woods_0020,Tiger_Woods
Tim_Chapman_0001,Tim_Chapman
Tim_Chapman_0002,Tim_Chapman
Tim_Duncan_0003,Tim_Duncan
Tim_Duncan_0004,Tim_Duncan
Tim_Henman_0007,Tim_Henman
Tim_Henman_0008,Tim_Henman
Tim_Henman_0017,Tim_Henman
Tim_Henman_0018,Tim_Henman
Tim_Robbins_0001,Tim_Robbins
Tim_Robbins_0002,Tim_Robbins
Timothy_McVeigh_0001,Timothy_McVeigh
Timothy_Rigas_0001,Timothy_Rigas
Tippi_Hedren_0001,Tippi_Hedren
Tippi_Hedren_0002,Tippi_Hedren
Todd_MacCulloch_0001,Todd_MacCulloch
Todd_Parrott_0001,Todd_Parrott
Tom_Christerson_0001,Tom_Christerson
Tom_Coughlin_0001,Tom_Coughlin
Tom_Crean_0003,Tom_Crean
Tom_Crean_0004,Tom_Crean
Tom_Cruise_0008,Tom_Cruise
Tom_Cruise_0009,Tom_Cruise
Tom_Daschle_0007,Tom_Daschle
Tom_Daschle_0008,Tom_Daschle
Tom_Daschle_0017,Tom_Daschle
Tom_Daschle_0018,Tom_Daschle
Tom_Foy_0001,Tom_Foy
Tom_Gamboa_0001,Tom_Gamboa
Tom_Hanks_0007,Tom_Hanks
Tom_Hanks_0008,Tom_Hanks
Tom_Izzo_0001,Tom_Izzo
Tom_Jones_0001,Tom_Jones
Tom_Osborne_0001,Tom_Osborne
Tom_Poston_0001,Tom_Poston
Tom_Ridge_0006,Tom_Ridge
Tom_Ridge_0007,Tom_Ridge
Tom_Ridge_0016,Tom_Ridge
Tom_Ridge_0017,Tom_Ridge
Tom_Ridge_0026,Tom_Ridge
Tom_Ridge_0027,Tom_Ridge
Tom_Scully_0001,Tom_Scully
Tom_Sizemore_0001,Tom_Sizemore
Tomas_Malik_0001,Tomas_Malik
Tommy_Amaker_0001,Tommy_Amaker
Tommy_Franks_0009,Tommy_Franks
Tommy_Franks_0010,Tommy_Franks
Tommy_Haas_0003,Tommy_Haas
Tommy_Haas_0004,Tommy_Haas
Tommy_Shane_Steiner_0001,Tommy_Shane_Steiner
Tommy_Thompson_0001,Tommy_Thompson
Tommy_Thompson_0010,Tommy_Thompson
Tommy_Tubberville_0001,Tommy_Tubberville
Tonino_Guerra_0001,Tonino_Guerra
Tono_Suratman_0001,Tono_Suratman
Tony_Blair_0005,Tony_Blair
Tony_Blair_0006,Tony_Blair
Tony_Blair_0015,Tony_Blair
Tony_Blair_0016,Tony_Blair
Tony_Blair_0025,Tony_Blair
Tony_Blair_0026,Tony_Blair
Tony_Blair_0035,Tony_Blair
Tony_Blair_0036,Tony_Blair
Tony_Blair_0045,Tony_Blair
Tony_Blair_0046,Tony_Blair
Tony_Blair_0055,Tony_Blair
Tony_Blair_0056,Tony_Blair
Tony_Blair_0065,Tony_Blair
Tony_Blair_0066,Tony_Blair
Tony_Blair_0075,Tony_Blair
Tony_Blair_0076,Tony_Blair
Tony_Blair_0085,Tony_Blair
Tony_Blair_0086,Tony_Blair
Tony_Blair_0095,Tony_Blair
Tony_Blair_0096,Tony_Blair
Tony_Blair_0105,Tony_Blair
Tony_Blair_0106,Tony_Blair
Tony_Blair_0115,Tony_Blair
Tony_Blair_0116,Tony_Blair
Tony_Blair_0125,Tony_Blair
Tony_Blair_0126,Tony_Blair
Tony_Blair_0135,Tony_Blair
Tony_Blair_0136,Tony_Blair
Tony_Clement_0001,Tony_Clement
Tony_Cummo_0001,Tony_Cummo
Tony_Shalhoub_0002,Tony_Shalhoub
Tony_Shalhoub_0003,Tony_Shalhoub
Tora_Takagi_0001,Tora_Takagi
Tori_Amos_0001,Tori_Amos
Tracee_Ellis_Ross_0001,Tracee_Ellis_Ross
Tracee_Ellis_Ross_0002,Tracee_Ellis_Ross
Trent_Lott_0004,Trent_Lott
Trent_Lott_0005,Trent_Lott
Trent_Lott_0014,Trent_Lott
Trent_Lott_0015,Trent_Lott
Troy_Hudson_0001,Troy_Hudson
Troy_Jenkins_0001,Troy_Jenkins
Tung_Chee-hwa_0001,Tung_Chee-hwa
Tung_Chee-hwa_0002,Tung_Chee-hwa
Turner_Stevenson_0001,Turner_Stevenson
Ty_Votaw_0001,Ty_Votaw
Tzipora_Obziler_0001,Tzipora_Obziler
Uday_Hussein_0001,Uday_Hussein
Uzi_Landau_0001,Uzi_Landau
Vaclav_Havel_0001,Vaclav_Havel
Vaclav_Klaus_0001,Vaclav_Klaus
Vaclav_Klaus_0002,Vaclav_Klaus
Valentino_Rossi_0001,Valentino_Rossi
Valentino_Rossi_0002,Valentino_Rossi
Valery_Giscard_dEstaing_0001,Valery_Giscard_dEstaing
Valery_Giscard_dEstaing_0002,Valery_Giscard_dEstaing
Vanessa_Incontrada_0003,Vanessa_Incontrada
Vanessa_Incontrada_0004,Vanessa_Incontrada
Vanessa_Williams_0003,Vanessa_Williams
Vassilis_Xiros_0001,Vassilis_Xiros
Venus_Williams_0008,Venus_Williams
Venus_Williams_0009,Venus_Williams
Vernon_Forrest_0001,Vernon_Forrest
Veronica_Lake_0001,Veronica_Lake
Vicente_Fox_0003,Vicente_Fox
Vicente_Fox_0004,Vicente_Fox
Vicente_Fox_0013,Vicente_Fox
Vicente_Fox_0014,Vicente_Fox
Vicente_Fox_0023,Vicente_Fox
Vicente_Fox_0024,Vicente_Fox
Vicente_Fox_de_la_Concha_0001,Vicente_Fox_de_la_Concha
Vicki_Zhao_Wei_0001,Vicki_Zhao_Wei
Victoria_Clarke_0002,Victoria_Clarke
Victoria_Clarke_0003,Victoria_Clarke
Vince_Carter_0001,Vince_Carter
Vince_Carter_0002,Vince_Carter
Vincent_Brooks_0003,Vincent_Brooks
Vincent_Brooks_0004,Vincent_Brooks
Vincent_Spadea_0001,Vincent_Spadea
Vinnie_Jones_0001,Vinnie_Jones
Vladimir_Golovlyov_0001,Vladimir_Golovlyov
Vladimir_Meciar_0001,Vladimir_Meciar
Vladimir_Putin_0009,Vladimir_Putin
Vladimir_Putin_0010,Vladimir_Putin
Vladimir_Putin_0019,Vladimir_Putin
Vladimir_Putin_0020,Vladimir_Putin
Vladimir_Putin_0029,Vladimir_Putin
Vladimir_Putin_0030,Vladimir_Putin
Vladimir_Putin_0039,Vladimir_Putin
Vladimir_Putin_0040,Vladimir_Putin
Vladimir_Putin_0049,Vladimir_Putin
Vladimir_Spidla_0001,Vladimir_Spidla
Vojislav_Kostunica_0001,Vojislav_Kostunica
Vojislav_Kostunica_0002,Vojislav_Kostunica
Walid_Al-Awadi_0001,Walid_Al-Awadi
Wallace_Capel_0001,Wallace_Capel
Walter_Mondale_0006,Walter_Mondale
Walter_Mondale_0007,Walter_Mondale
Wang_Hailan_0001,Wang_Hailan
Wang_Nan_0001,Wang_Nan
Warren_Buffett_0001,Warren_Buffett
Warren_Buffett_0002,Warren_Buffett
Wayne_Ferreira_0004,Wayne_Ferreira
Wayne_Ferreira_0005,Wayne_Ferreira
Wen_Jiabao_0002,Wen_Jiabao
Wen_Jiabao_0003,Wen_Jiabao
Wen_Jiabao_0012,Wen_Jiabao
Wen_Jiabao_0013,Wen_Jiabao
Wilbert_Elki_Meza_Majino_0001,Wilbert_Elki_Meza_Majino
Wilbert_Foy_0001,Wilbert_Foy
William_Bratton_0002,William_Bratton
William_Bratton_0003,William_Bratton
William_Donaldson_0001,William_Donaldson
William_Donaldson_0002,William_Donaldson
William_Ford_Jr_0004,William_Ford_Jr
William_Ford_Jr_0005,William_Ford_Jr
William_Jackson_0001,William_Jackson
William_Joppy_0001,William_Joppy
William_Morrow_0001,William_Morrow
William_Murabito_0001,William_Murabito
William_Shatner_0001,William_Shatner
William_Swor_0001,William_Swor
Wim_Duisenberg_0001,Wim_Duisenberg
Win_Aung_0001,Win_Aung
Winona_Ryder_0006,Winona_Ryder
Winona_Ryder_0007,Winona_Ryder
Winona_Ryder_0016,Winona_Ryder
Winona_Ryder_0017,Winona_Ryder
Wolfgang_Becker_0001,Wolfgang_Becker
Wolfgang_Clement_0001,Wolfgang_Clement
Woody_Allen_0002,Woody_Allen
Woody_Allen_0003,Woody_Allen
Xanana_Gusmao_0002,Xanana_Gusmao
Xanana_Gusmao_0003,Xanana_Gusmao
Xiang_Liu_0001,Xiang_Liu
Xiang_Xu_0001,Xiang_Xu
Yannos_Papantoniou_0001,Yannos_Papantoniou
Yao_Ming_0001,Yao_Ming
Yasar_Yakis_0002,Yasar_Yakis
Yasar_Yakis_0003,Yasar_Yakis
Yashwant_Sinha_0007,Yashwant_Sinha
Yasser_Arafat_0001,Yasser_Arafat
Yasushi_Chimura_0001,Yasushi_Chimura
Yekaterina_Guseva_0001,Yekaterina_Guseva
Yoko_Ono_0001,Yoko_Ono
Yoko_Ono_0002,Yoko_Ono
Yoon_Won-Sik_0001,Yoon_Won-Sik
Yoon_Young-kwan_0001,Yoon_Young-kwan
Yoriko_Kawaguchi_0009,Yoriko_Kawaguchi
Yoriko_Kawaguchi_0010,Yoriko_Kawaguchi
Young_Kim_0001,Young_Kim
Yu_Shyi-kun_0001,Yu_Shyi-kun
Yuri_Luzhkov_0001,Yuri_Luzhkov
Yuri_Malenchenko_0001,Yuri_Malenchenko
Zafarullah_Khan_Jamali_0001,Zafarullah_Khan_Jamali
Zafarullah_Khan_Jamali_0002,Zafarullah_Khan_Jamali
Zdravko_Mucic_0001,Zdravko_Mucic
Zeljko_Rebraca_0001,Zeljko_Rebraca
Zhang_Ziyi_0004,Zhang_Ziyi
Zhong_Nanshan_0001,Zhong_Nanshan
Zhu_Rongji_0009,Zhu_Rongji
Zico_0001,Zico
Ziwang_Xu_0001,Ziwang_Xu
Zoe_Ball_0001,Zoe_Ball
Zydrunas_Ilgauskas_0001,Zydrunas_Ilgauskas
